-- phpMyAdmin SQL Dump
-- version 5.1.1
-- https://www.phpmyadmin.net/
--
-- Host: 127.0.0.1
-- Generation Time: Jan 14, 2022 at 01:46 PM
-- Server version: 10.4.21-MariaDB
-- PHP Version: 8.0.12

SET SQL_MODE = "NO_AUTO_VALUE_ON_ZERO";
START TRANSACTION;
SET time_zone = "+00:00";


/*!40101 SET @OLD_CHARACTER_SET_CLIENT=@@CHARACTER_SET_CLIENT */;
/*!40101 SET @OLD_CHARACTER_SET_RESULTS=@@CHARACTER_SET_RESULTS */;
/*!40101 SET @OLD_COLLATION_CONNECTION=@@COLLATION_CONNECTION */;
/*!40101 SET NAMES utf8mb4 */;

--
-- Database: `world_show`
--

-- --------------------------------------------------------

--
-- Table structure for table `tbladmin`
--

CREATE TABLE `tbladmin` (
  `id` int(11) NOT NULL,
  `AdminUserName` varchar(255) NOT NULL,
  `AdminPassword` varchar(255) NOT NULL,
  `AdminEmailId` varchar(255) NOT NULL,
  `Is_Active` int(11) NOT NULL,
  `CreationDate` timestamp NOT NULL DEFAULT current_timestamp(),
  `UpdationDate` timestamp NULL DEFAULT '0000-00-00 00:00:00' ON UPDATE current_timestamp()
) ENGINE=InnoDB DEFAULT CHARSET=latin1;

--
-- Dumping data for table `tbladmin`
--

INSERT INTO `tbladmin` (`id`, `AdminUserName`, `AdminPassword`, `AdminEmailId`, `Is_Active`, `CreationDate`, `UpdationDate`) VALUES
(1, 'admin', '$2y$12$i4LMfeFPQpGSNPTaccIkKuwxAkJ4PhBr3JND7FpXwWFjRvchQn17C', 'tee@gmail.com', 1, '2020-03-27 17:51:00', '2022-01-11 10:23:21'),
(5, 'renzaho emmanuel', '$2y$12$A6JTjnMGGuckP.DUn5HijexzP/o4NrlZDZzrnSoP9BBd6UILJQWmO', 'tee1@gmail.com', 1, '2022-01-11 10:31:55', '2022-01-11 13:57:19');

-- --------------------------------------------------------

--
-- Table structure for table `tblcategory`
--

CREATE TABLE `tblcategory` (
  `id` int(11) NOT NULL,
  `CategoryName` varchar(200) DEFAULT NULL,
  `Description` mediumtext DEFAULT NULL,
  `PostingDate` timestamp NULL DEFAULT current_timestamp(),
  `UpdationDate` timestamp NULL DEFAULT NULL,
  `Is_Active` int(1) DEFAULT NULL
) ENGINE=InnoDB DEFAULT CHARSET=latin1;

--
-- Dumping data for table `tblcategory`
--

INSERT INTO `tblcategory` (`id`, `CategoryName`, `Description`, `PostingDate`, `UpdationDate`, `Is_Active`) VALUES
(2, 'Bollywood', 'Bollywood News', '2018-06-06 10:28:09', '2018-06-30 18:41:07', 1),
(3, 'Sports', 'Related to sports news', '2018-06-06 10:35:09', '2018-06-14 11:11:55', 1),
(5, 'Entertainment', 'Entertainment related  News', '2018-06-14 05:32:58', '2018-06-14 05:33:41', 1),
(6, 'Politics', 'Politics', '2018-06-22 15:46:09', '0000-00-00 00:00:00', 1),
(7, 'Business', 'Business', '2018-06-22 15:46:22', '0000-00-00 00:00:00', 1);

-- --------------------------------------------------------

--
-- Table structure for table `tblcomments`
--

CREATE TABLE `tblcomments` (
  `id` int(11) NOT NULL,
  `postId` char(11) DEFAULT NULL,
  `name` varchar(120) DEFAULT NULL,
  `email` varchar(150) DEFAULT NULL,
  `comment` mediumtext DEFAULT NULL,
  `postingDate` timestamp NULL DEFAULT current_timestamp(),
  `status` int(1) DEFAULT NULL
) ENGINE=InnoDB DEFAULT CHARSET=latin1;

--
-- Dumping data for table `tblcomments`
--

INSERT INTO `tblcomments` (`id`, `postId`, `name`, `email`, `comment`, `postingDate`, `status`) VALUES
(1, '12', 'Anuj', 'anuj@gmail.com', 'Cras sit amet nibh libero, in gravida nulla. Nulla vel metus scelerisque ante sollicitudin. Cras purus odio, vestibulum in vulputate at, tempus viverra turpis.', '2018-11-21 11:06:22', 1),
(2, '12', 'Test user', 'test@gmail.com', 'This is sample text for testing.', '2018-11-21 11:25:56', 0),
(3, '7', 'ABC', 'abc@test.com', 'This is sample text for testing.', '2018-11-21 11:27:06', 1),
(4, '14', 'tee', 'tee@gmail.com', 'reka dutegereze ibikurikira', '2022-01-11 14:32:40', 1);

-- --------------------------------------------------------

--
-- Table structure for table `tblposts`
--

CREATE TABLE `tblposts` (
  `id` int(11) NOT NULL,
  `PostTitle` longtext DEFAULT NULL,
  `CategoryId` int(11) DEFAULT NULL,
  `SubCategoryId` int(11) DEFAULT NULL,
  `PostDetails` longtext CHARACTER SET utf8 DEFAULT NULL,
  `PostingDate` timestamp NULL DEFAULT current_timestamp(),
  `UpdationDate` timestamp NULL DEFAULT NULL ON UPDATE current_timestamp(),
  `Is_Active` int(1) DEFAULT 0,
  `PostUrl` mediumtext DEFAULT NULL,
  `PostImage` varchar(255) DEFAULT NULL,
  `owner` int(123) NOT NULL
) ENGINE=InnoDB DEFAULT CHARSET=latin1;

--
-- Dumping data for table `tblposts`
--

INSERT INTO `tblposts` (`id`, `PostTitle`, `CategoryId`, `SubCategoryId`, `PostDetails`, `PostingDate`, `UpdationDate`, `Is_Active`, `PostUrl`, `PostImage`, `owner`) VALUES
(7, 'Jasprit Bumrah ruled out of England T20I series due to injury', 3, 4, '<p style=\"margin-bottom: 15px; padding: 0px; font-size: 16px; font-family: PTSans, sans-serif;\"><span style=\"margin: 0px; padding: 0px; font-weight: 700;\">The Indian Cricket Team has received a huge blow right ahead of the commencement of the much-awaited series against England. Star speedster Jasprit Bumrah has been ruled out of the forthcoming 3-match T20I series as he suffered an injury in his left thumb.</span></p><p style=\"margin-bottom: 15px; padding: 0px; font-size: 16px; font-family: PTSans, sans-serif;\">The 24-year-old pacer picked up a niggle during India’s first T20I match against Ireland played on June 27 at the Malahide cricket ground in Dublin. As per the reports, he is likely to be available for the ODI series against England scheduled to start from July 12.</p><p style=\"margin-bottom: 15px; padding: 0px; font-size: 16px; font-family: PTSans, sans-serif;\">In the first, Bumrah exhibited a phenomenal performance with the ball. In his quota of four overs, he conceded 19 runs and picked 2 wickets at an economy rate of 4.75.</p><p style=\"margin-bottom: 15px; padding: 0px; font-size: 16px; font-family: PTSans, sans-serif;\">Post his injury, he arrived at team’s optional training session on Thursday but didn’t train. Later, he was rested in the second face-off along with MS Dhoni, Shikhar Dhawan and Bhuvneshwar Kumar.</p><p style=\"margin-bottom: 15px; padding: 0px; font-size: 16px; font-family: PTSans, sans-serif;\">As of now, no replacement has been announced. However, Umesh Yadav may be be given chance in the team in Bumrah’s absence.</p><p style=\"padding: 0px; font-size: 16px; font-family: PTSans, sans-serif;\">The first T20I match between India and England will be played at Old Trafford, Manchester on July 3.</p>', '2018-06-30 18:49:23', '2018-08-28 15:57:32', 1, 'Jasprit-Bumrah-ruled-out-of-England-T20I-series-due-to-injury', '6d08a26c92cf30db69197a1fb7230626.jpg', 0),
(10, 'Tata Steel, Thyssenkrupp Finalise Landmark Steel Deal', 7, 9, '<h1 style=\"box-sizing: inherit; margin-top: 0px; padding: 0px; font-family: Roboto, sans-serif; font-size: 38px; line-height: normal; letter-spacing: -0.5px; color: rgb(51, 51, 51);\"><span itemprop=\"headline\" style=\"box-sizing: inherit;\">Tata Steel, Thyssenkrupp Finalise Landmark Steel Deal</span>Tata Steel, Thyssenkrupp Finalise Landmark Steel DealTata Steel, Thyssenkrupp Finalise Landmark Steel DealTata Steel, Thyssenkrupp Finalise Landmark Steel DealTata Steel, Thyssenkrupp Finalise Landmark Steel Deal</h1>', '2018-06-30 19:08:56', '2018-08-28 15:59:59', 1, 'Tata-Steel,-Thyssenkrupp-Finalise-Landmark-Steel-Deal', '505e59c459d38ce4e740e3c9f5c6caf7.jpg', 0),
(11, 'UNs Jean Pierre Lacroix thanks India for contribution to peacekeeping', 6, 8, '<p>UNs Jean Pierre Lacroix thanks India for contribution to peacekeepingUNs Jean Pierre Lacroix thanks India for contribution to peacekeepingUNs Jean Pierre Lacroix thanks India for contribution to peacekeepingUNs Jean Pierre Lacroix thanks India for contribution to peacekeepingUNs Jean Pierre Lacroix thanks India for contribution to peacekeepingUNs Jean Pierre Lacroix thanks India for contribution to peacekeepingUNs Jean Pierre Lacroix thanks India for contribution to peacekeepingUNs Jean Pierre Lacroix thanks India for contribution to peacekeepingUNs Jean Pierre Lacroix thanks India for contribution to peacekeepingUNs Jean Pierre Lacroix thanks India for contribution to peacekeepingUNs Jean Pierre Lacroix thanks India for contribution to peacekeepingUNs Jean Pierre Lacroix thanks India for contribution to peacekeepingUNs Jean Pierre Lacroix thanks India for contribution to peacekeepingUNs Jean Pierre Lacroix thanks India for contribution to peacekeepingUNs Jean Pierre Lacroix thanks India for contribution to peacekeepingUNs Jean Pierre Lacroix thanks India for contribution to peacekeepingUNs Jean Pierre Lacroix thanks India for contribution to peacekeepingUNs Jean Pierre Lacroix thanks India for contribution to peacekeepingUNs Jean Pierre Lacroix thanks India for contribution to peacekeeping<br></p>', '2018-06-30 19:10:36', '2018-08-28 16:01:35', 1, 'UNs-Jean-Pierre-Lacroix-thanks-India-for-contribution-to-peacekeeping', '27095ab35ac9b89abb8f32ad3adef56a.jpg', 0),
(12, 'Shah holds meeting with NE states leaders in Manipur', 6, 7, '<p><span style=\"color: rgb(25, 25, 25); font-family: &quot;Noto Serif&quot;; font-size: 16px;\">New Delhi: BJP president Amit Shah today held meetings with his party leaders who are in-charge of 11 Lok Sabha seats spread across seven northeast states as part of a drive to ensure that it wins the maximum number of these constituencies in the general election next year.</span><br style=\"box-sizing: inherit; color: rgb(25, 25, 25); font-family: &quot;Noto Serif&quot;; font-size: 16px;\"><br style=\"box-sizing: inherit; color: rgb(25, 25, 25); font-family: &quot;Noto Serif&quot;; font-size: 16px;\"><webviewcontentdata style=\"box-sizing: inherit; color: rgb(25, 25, 25); font-family: &quot;Noto Serif&quot;; font-size: 16px;\">Shah held separate meetings with Lok Sabha toli (group) of Arunachal Pradesh, Tripura, Meghalaya, Mizoram, Nagaland, Sikkim and Manipur in Manipur, the partys media head Anil Baluni said.<br style=\"box-sizing: inherit;\"><br style=\"box-sizing: inherit;\">Baluni said that Shah was in West Bengal for two days before he arrived in Manipur. The BJP chief would reach Odisha tomorrow.</webviewcontentdata><br></p>', '2018-06-30 19:11:44', '2018-08-28 16:01:43', 1, 'Shah-holds-meeting-with-NE-states-leaders-in-Manipur', '7fdc1a630c238af0815181f9faa190f5.jpg', 0),
(13, 'theben na diamond baciye agahigo', 5, 3, '<p><iframe frameborder=\"0\" src=\"//www.youtube.com/embed/O3VPs9b_HZE\" width=\"640\" height=\"360\" class=\"note-video-clip\"></iframe></p><p>indirimbo yambere hano murwanda ya theben na diamond</p><p><br></p>', '2022-01-11 10:46:47', NULL, 1, 'theben-na-diamond-baciye-agahigo', '218cd857646fc5ca3ff56d30a8e14950.gif', 0);
INSERT INTO `tblposts` (`id`, `PostTitle`, `CategoryId`, `SubCategoryId`, `PostDetails`, `PostingDate`, `UpdationDate`, `Is_Active`, `PostUrl`, `PostImage`, `owner`) VALUES
(14, 'nyuma yumukino wambere wa shampiona umva ibyo avuze', 3, 5, '<p><img src=\"data:image/jpeg;base64,/9j/4AAQSkZJRgABAQAAAQABAAD//gA7Q1JFQVRPUjogZ2QtanBlZyB2MS4wICh1c2luZyBJSkcgSlBFRyB2NjIpLCBxdWFsaXR5ID0gNzAK/9sAQwAKBwcIBwYKCAgICwoKCw4YEA4NDQ4dFRYRGCMfJSQiHyIhJis3LyYpNCkhIjBBMTQ5Oz4+PiUuRElDPEg3PT47/9sAQwEKCwsODQ4cEBAcOygiKDs7Ozs7Ozs7Ozs7Ozs7Ozs7Ozs7Ozs7Ozs7Ozs7Ozs7Ozs7Ozs7Ozs7Ozs7Ozs7Ozs7/8AAEQgBlAKHAwEiAAIRAQMRAf/EAB8AAAEFAQEBAQEBAAAAAAAAAAABAgMEBQYHCAkKC//EALUQAAIBAwMCBAMFBQQEAAABfQECAwAEEQUSITFBBhNRYQcicRQygZGhCCNCscEVUtHwJDNicoIJChYXGBkaJSYnKCkqNDU2Nzg5OkNERUZHSElKU1RVVldYWVpjZGVmZ2hpanN0dXZ3eHl6g4SFhoeIiYqSk5SVlpeYmZqio6Slpqeoqaqys7S1tre4ubrCw8TFxsfIycrS09TV1tfY2drh4uPk5ebn6Onq8fLz9PX29/j5+v/EAB8BAAMBAQEBAQEBAQEAAAAAAAABAgMEBQYHCAkKC//EALURAAIBAgQEAwQHBQQEAAECdwABAgMRBAUhMQYSQVEHYXETIjKBCBRCkaGxwQkjM1LwFWJy0QoWJDThJfEXGBkaJicoKSo1Njc4OTpDREVGR0hJSlNUVVZXWFlaY2RlZmdoaWpzdHV2d3h5eoKDhIWGh4iJipKTlJWWl5iZmqKjpKWmp6ipqrKztLW2t7i5usLDxMXGx8jJytLT1NXW19jZ2uLj5OXm5+jp6vLz9PX29/j5+v/aAAwDAQACEQMRAD8A8hI5oAxTsUlSNliBjnFats4wDWLG2DV6KbAxWc1c0hKxqySDb1+lZV245xUjT5HWqczbs1MI2Zc5XRUc5am5pzKQc0yug5xR0pwpopRQA6kzRS0gCgUUDrSAnjXOKtxx5AqCEDir0QAFZyZtBCiMCmyAAU6SQAdaqST4qUmy20hspHNU5CM06SYknFQkk9a2SMG7higcUUVRIAc1KnWox1pwOKBFpGxipBJx1qoHxTlYswFTYzcCZnJ6VC5I61ZEfGBTJIsjpQWo2KZOTS0jjDEU0GmUOzQTRmm96Bik5pMUAZpwHpQIQDilp22gCgBuKciljgUEVNAOaVxpXYCEYqOSMqMirgXio3X5TmkmW4Mo4o2mpdvJpfLwKozIqWnEU2gBMUhpTSGmAYpKKWgAxSikpaACg0dqKBCUUtFACGkpTSUDClApKUUAOFIaWtTw5pVvrOrpaXVy1vEVLM4GTxUt2VxpNuyMnrS7a1dd0ePSNams4ZTNCuDHIRjcppJ9Ev7bT476a2dLeTG2Q8g5o5kHKzKIxRUrJio6YhKKWkpiA0lLzR1oGJViFahUZarUYwtICVBk1ajXgD1qvGAWAq5CAWFYVHod2EheVyeNcLVS5bk1ef5UrMuW61hBXZ6Vd8sTOnOWqLFPkOWpuK7VseDJ3dxMUUuKMCmSJS4o+lLjNACYopcUUASgcU08VKBxUbCkU0NB7ipFkIqMLTgKBEwcsadtJFMjGCKtADbUvQtK5VePANVSMEir0mMVTkHzGqiyZKw0UUZoqiR1FIKdSASlHWigdaALURxVhZMCqaEin7yBWbRtF2JJZfeqkkmadI2agJyaqKIkwFFGKMVZAfSloA4oHSgAFOpAOadikA01JBzIM0wipIR84oY1uascQKgiiSIBc4qe3UlBinzRHbzXP7TU61S0OenGJD71FVu8iIYmqddCd0cslZ2CloFHvTJFHXFTBeKiUfNxU69KlgJtpuOae3Suh0/S9Ju/Cs9ywl/tBNxUhuOPapbsXGNzPk8O6lFpC6o8A+ysAdwcEgHocVSjXByK6e0vpbnw+bL5jGISCM8DFc/CgZwp7nGajmetzeMEpIM4HIqGQkjA4rqPEI0mWwtW06zW3dDtdhxv+tc95Bbt1pRdzaaViqoGaeVGOlWktCegp7WhAPFanGzLkGKibrV6a3IHSqTghsGqRDG/SjFLS1QhpFIKcRTeaQhaKTNGe9AC0UgoFAC0UlLQAhoxRSUDClFGKBQB1Xhex0W70u7OowPJOW2ROHx5eRwfzrK0iOW219LcnEgZo2NS+HLhUuJYnOA67gPcVLqBFtr8F8g2iRgT6Z6GsXe7RskrKRZ8Q2+ya3kL7soVJPbFWbq+mn8NC0bPlR7cAj0qPVULwxsTn94OaZczodJdAMZI2isk9EatWbMKa2mEHnmGQRZ2iTZ8ufrVQ9a6u9vpI/CLWDAhCUIBH8QOa5TFdMJXRzTjyuwlJS80YJqiBM0lKRRigZLCuTmrIGBUMQwKmqWA+M4rQthkj1rNU/MAK17GIkAmueornqYT3Vdj5hhKxrsnmt+5jwp4rAvhjNOnEeLq3Rnk5JopKUV0HlB1paKSgBRS0maXNABiilooAlB4pSAajDYNSAg1JYm2kIxUoGaQrmgTGq2CKm8yoCpFGSO9DQJjpH4qq5y1SuSRUJqkhNiinqhNJGMtVlU4obBK5FsxTSMVYK4GagalcGhtKOtJSimIkWlJ4poNBNIq41qiPWpDUZ60xMSnCkApwFMQUUbaADmgB6Lk1IIySAASSQAB3pYlHWuz0y0so/Bz3MllE9wxZxKyZYYOFwe3SspzUVc0pwcnY5TUtG1LSdn9oWctv5gyhccHHXpVWA/OM12fja4Nzoto5VgTMWwe3y1l33hqHTtJgvVvvNnJQTQlMBdwzwfapjUvFX6lypcsnbZDrJCygVbktzt6UadCdgOK1TbAp0rnnFpndTmrHH30BDHisiRSrkV1mo22GJxxXP3UOGJxW9KXQ5a8OqKINFKRg0groOQkQZNWFXiooxVlBniobKSJ9Q0bUNNghmu7Voo5xmNicg/lV/wuRLDcQMxwp3AfWr0F6+saQdNuZMhFwrN/AR0NYemTSafqDRuNu/5GHpWTblFrqbJckk1satiDbLJbbSSCy5HcZrMtIwb4IxwAxyfpWtAHS/EpPyvxUUNhJFeSzOoCO+EOeT61Ce5tbYfqCxtbwiM4wTkVXjh45FXLmIGbCjAGM1KtlMIPOEMnlgZLbeK0hHQJS0aI4bcHHFTyWgK/dp9uQMYq6MFee4rpSOJs526tMA8Vi3NuwcBVJJOAAMk11l4gwcCs2wCx63bynH7uTeMjIyOR+uKHomwSu0jnJI5IpDHIjRupwysuCPwrY0Lwzca7DPNHcRW6RcAy5+dvTj+farHi6U3euCbqzQqCQOp6VtC2k07RI7FWAYJmTb1BPLH+n5VhOo1TTW7NYU05tPZHFTWV1BBHPLbypFLny5ChCvj0PeqxBrqfEN440y20zcdqkSMp7YGB/WuduLSe3CGaGSMSDchdCNw9RWkHzRuzOcVGVkVqKUjFJTIFFFJRQMWg0ZoHWgABpyqSeKQAE1ZhQHrSYJEYhJ60jR4rRjtXmdY40LO5wFHJJNX5PCmqgYMMYY/wmQA1DmluaKm3sc/bymC4SQfwkZ966u8sVvrJEY7Ch3K4GeK5i+sbmwnMN1A8MmM7WGM/SumtLmU2FvJt3BkAPt2qKmyaNKOrcWSxxLLaRhwTt7HrxVZrZxHGRgiNtxzVxo2jZXVvlJHAp5gEiA9QTjArBNo6eVNWMPX7lmhSBjlmbex9aw62PEUZGosACAFXA/CsfGK66fwnDUd5MAOamSPIqJPvVdhAIFNsmKIDDx0qMId1aRiBGahaMA1PMW4kSDApScU4jAqGRsA0yNiW3O6UA9M109hGNgPtXJ2jYlGfWursZAIwM9qTjc6KdW0SS7jGw4rl9SIDECunu5AIyc9q5a7PmTkCqSsZVJczKFLmrXkfLUEke36U7mYykopcd6YBmgGjGadtpAIKKXFFAATg1JGc1Cakj60AWkGcCpTGAM1FGeme1TFxtxUjIXXmoyMVKfU0wgEUAkQsKhIwanfioWpoGSwjmrAHFQQVY7VLKjsMkJC8VXOTU8nSocU0JjcUopSMUwnmmIeDQabmnCgBppuM1IabTEIBzxUgWkFPBoZSGkU0jHIqRulMPJxSKdjrNfstOh0ewnsrdIXAVZGHWTK5yffOa1miSLwvbwkAOIUJPrk5/rWdDbNqfg/EYUtFHvyeuV7fzraSO5vvD1vbwxEu0UY3NwMdetcM27W7M64RV7pdDM8RRNNb2MDfKRIWweeAKr6qC1pbxhy/mSZYEf3R/wDXrVu7G+bUbZjCXSFcZHPJNVNaZHvooggXy0yQBg5P+RTg9Yoc1o2T6fCPLHFaqwgJjFQ6fZyiDcVACjJBOMVeA+WuvSWxjFuL1Oe1S35JA4rm72HGeK7W/iyCcVzF/DhjgVz25ZG8veicxMgBOKiAq/cQncRVUxkHpXUnoee1ZjowcirUaEjio4Iya1La2JwcUNAiG2M1vLuU4B4Naxs7a6QzyIwnRcAg9fTNIlmMdKuiGWO3RhgqQQc9eKwqaao6KWrsytGVWBMgkLy2O1PSQlt20lQeKUIFJIAGeMZ60qOAuDwB2rA6jW0y2tjHPqN6AEiwEQjgn1NUptQu7lWJchH4CjjirUd3HLaLbsQYyCDjjmq/lgg8cDjiuikueV30Oaq3FWXUr26EGroBC0kMPPAqZo8IeK6zlMu7OFNUtP41QEjJ2sAOlbdoLR55IryJXWQYVicFT7VQt7HyddNux4UNhiOvpWVSorSj5GkIO6l5iXNoZfEkE0wASKLzWxzgKeP1xWgSLu6KiTAI3EnkE54rTkgsYY9xiEkrhUYv0PPT86iSSGORomjjj3HAUJj8q86VTmSXY7ow5W/M5aSyOo65NKFMlvC+zcTjcV7CqvifUjezw2wJKWoYYPYnr/IVtauU0XThEiHc5/dyDjJ6k1xkjFiSTkk5ya9Ckud8/RaI4aj5Fy9XqyuwplPam4zWjMkJRRiikMKUUqruNWFhGOlJuwECD5qvQjgcVEISDkVZhGMVLZUdyxHIYiHRiGUggjgimXWoXUkola4csPU9aVuFqlMeCBUpJmjk0jqbG9g1jTjbahGJo1yULfeQ+x60KILWAQRbhGgwNx61yUF3NbEiNsA9RWrDfNOg3nOPSspwa22NIVE99zYSYSIVBwRyCKlUkuMcA8HFUbdlkXMbggHn2q3G65GfWsmje90VvEVsGuYm6l4+fwrnpbMjkV1WqjMluM5BjyCfrWfLAGB9a0VTlVjlnG7OdMZRuasQtirNxa4ycVXVcVspKSMloy2HytROKRW7Up56ikaXImFVpATV0rkVC0ftVJkSRDBw4NbVtMVQYNZax4OcYqysm1aq5lfUt3d0TGRmshDvuMn1qWeYkEVBbAmcU7jRoeUCtVLqLama0kGFqpfD5Me9ShmZt9qAtShaNtWkA0KacF4xTgMU8YFDQELDmipGAzRSsBWI5p445pStJgiqYEyNipAc1AgJOKtRwkism7FJXGkE0mOKs+QcdKjaJh2qeZGliq4zUJWrphb0qMwkdRVqSIaGwpUxGBSxLipCualspIrScVEDUswwKgB5qkSxx+lRsKsxxGToKlNqQvIovYLNmfzmng06SLZ0qPNMgcTSUDk08CgBozThmlC8U7bQMb1o2kmpVjzUiw5OMU0gbOv8BKk1tcJISRGwwg6EH/JrqrmUj5EVVC8ADg1zXgWJEN3uGQQoAB+tdXLAiglUABHYcmvOr6TZ6FF+4jPjkkEuFJYnk46VmOrz69cXBQB0VQoPIzjGf0P41q4JnLKcc4/KpJra3id7tzjIy2eSaiLaNJWe5TiuWmYRDhUxu9zV4DKZxWZaYHPTJJNaYcBfwr1aUFGFjz6k+aVyrcplSK5++hBzXQTuCpxWTdANnNYVEbwldHL3UOGyB1qoYcjpW5dW+QTjjtVEw4FKDM5x1K1tHhgD61t2ka7QDWYoAYGrcM+3GTiulao53ozaWIbe1NmkxbmIEA5zVaO7yMZpJJFkwCcc9a56iujem7Max24ZjSEq4KgZBHBFTyW2Y92MgjANQRYjcZyADg1zKx1tsbbjDiMtkA5IrahQMgFYcYMN7LGePmyD61uWjZUV6FOKUTgnJuRYjhwc0XC4XFWUHy5qG4A2kVqQYd1vGQhwT+tacNoJXjvChaXy9jL3JPf8s1QuDhsg4IOasaPqUkcnlyOCASRkVwYhO90dVBq1mbctjCEWMLgEAMCMg/hVVNKKviKQqQSNrMSB9PStIyLMoIOD6U+F1Y7iMEZNcOqOs4Tx0JLd7K3lCEkM4YNnrgY/SuPJzXT/ABAu1m19YUbIt4VU/U8/1FcrnJr1KLtTSPNq6zbFIzU0No0hGfypsSguK3dMtw5GRWtxKJQXTCVziq89i0fIHSu1SxQoOKp31iNpOKdibHIQoQ+DWgsY9Kjmh8ubIHepY3rCadxocIcjpQEANTpgimFSSSOlQmykQyHiqkoyatyZAqAIZGxWiEymV+apoWeN9ykg1fi08Pz1p7aeVXO2qYkW7KdZ1B2qrgYbHepySG4/KsmHfbThhnHQ10mn6Lfaw+2zh34GSxOFH41hKNjqhK5VuJPMs0bq0J6+xqONlcDNdnafD652lbm8iUOMMqoW4rk9V0uXRdUnsZCWMRwrkfeXsawqK6uhT0ZUuYlKE1lNHgn2rWLApg1SnAGcCqo3WhhIpDIeplIPFQvkGhGOa6WhJlgoMZFNKik8wgYNAfNTZl3TALzQy8UoYHvTsZ6VaMminKmTxTrSM+bUrxnqaltE+emyki2I/kziqF8MLitYr8mKy9QGBj3qYvUJIogU7FNHBp4xW5mxMUlOxSGmIbgminrj8KKYE5tgO1RtCBxitV4vQVWaP5ua5uY6FArQ25JHFacNuABkUyFAMVdjKgVy1JM1jFIY0KgdKYYVJ6VM0gzgGlUAkVkmy9CubYY4FQS24xwK1ggK1XmjABxTU2mDiZHl4OBSkcVNIMNUEjY4rpi7mTRXmGRVMKTIAO5q3K3BqvFgS5NbxMpGvaxKiDjmpZEBHSoIZQFFSPcKEJJxSaBSVjOuwATVKp7iYyOcdKiAzVIlu4gFSAVJFbs4zipvspA6UAQjAoHJpJFZDzSx9eaLDuTxgVahjGc9qrxirUbBRzWqWhk9zovDcxgnIHGSK7JmSezIVvmAz7155p0zL5joMuAAnOMHr/SrEWv32wqYyhJ6k151eF56HoUZJQ1OqjljhBLtyCaztT1VJQIYyCCck1zt3dzyqHkmIycbQcZqvHOQeTV0aH2mRWr20R0lvcjpmrZuhs61zUdyQwwatm6+UAsAD6nFdxxKVzV8/fnmq8gyT3PrVOO7jjcB5MZ4zjNSLqdkQGMxAPqlZTVzphJLcbNHlSMVnyQkZ4rY3wzHEciMc4yDVOdQM1yXszpsmrox5FwTUTSFO/FXJQCSarSRgitozOeUBY5zjGeKlMpIqCJADipdpPFDkCjY0bO5eS0aLfyh4ppcl8MORwarWRMc5H98Yq9Iqk5HPvWUlrc3g29Blyp/c3AGONjn6dK0rGTIHNQQxfabeSDGSwyv1HSq1pc7Bg8EcEV00pXRzVI2kdMsgCDmqlzONp5qkb4AdaqXN8MHmt7mQy7uOvNQ26f6PLdySeWiDbHjqz//AFqitoX1K78pW2oBudz0Ve5qXUxHIQq/JBGNqJ6+59zXNUktjeEXuLZ+K5lxHMhBHG6tUeLrSC3JLZwM+5rllt0IyRgegrMuWV5DsGFHAFc6pRkzT2s4obe3Ml9eTXUv35XLH2zUQWgDmpVFdeyOXVixAAitvTpQhFYoGKsQzMh4NK5aOzhul2Dnmq13MCprHivtowTSSXpYHmq5hNEN4Az5FVlXHNSPJvOTRxj0qGxWJYz2zUuBjpxVdDhgDwam8wYrNpmsUrFeYjJFRxEBhTpiCSTUKths1UWRJGzagEACr4jBTpmse1uAjDNayXalRitbpk2ZWurRWGQOa9G+H8kX/CPhEGJI5CsnqT1B/KvP2kDE4PBrpvAl55OrPaE4W4QgD/aHI/rUzjoXCVpHoDcHIrlPH+ji901dVhXM1qNsoA5Kf/W/lXWEZXnqKjUI6vFIoaNwVZT3BrmOmS5keGCQlsU2WJmGa19a0NtF16ezOTFnfEx7oelM+yZUcdq2jDqjjfmc5PGVPNQKTnitm9s8DNZyw7WwRW8UZtkfzY5ppYirot8jpVeaAjmqcRKRGj81YWQVRJKtT1krJo0uXS2Rin2gJk6VXjcHrV+zUb+lZSdjRFvB21n6hESoOK2No28VQ1AAqB3FQp6g1dGGRg03dU0wwTVUtzXTGVzJomBoPNRg07NaXJsOUdaKFNFK47HQSnjiqTg7s4q+6jpTBECckVy20Om5VBYdKUyso6VdEK46VFLGMHip5Uwcip9oYv8ASrEcxOKqyR4ORxSwvhqHFJEps045cDrTZpflNVxLgVFLMSODWThqbXsMmfJPrVORualY5JNREZreKsStWQOSeKjwQc1bWHIyRQYQRwK0TJnEgEzrxmgs0nBPFOeIg9KfFHTuYqJF5NSQ2jMw44q5FbNIQAOK07Wx2kEjinF3FJcqIrbT/lHFTvY8dK2rWBQoGOKfLCoB4rXlM1I5C7sTzgVSFuVPSumvIl5FZhhG41EjRK5SVcUpbaKsPGAcCoWTPHX2oUxOBp6bGRp8twTgE7VOKcTmIZ7c1LcobHTba143Bd7gerc1UDnaAO9cVR3k2dtNWiiO5G9wBwAKYIznFOkfMzDsDgU9Mda7KekUcVbdsaMryTgDqTVO61Au/loflHt1q/LEZIDgDLEgEnGKw3hZGIV8luCQM0NkQVtS/NrQSARIuefvVQk1BnxxwBjmoHh8vhjkg4IpFIzjAA70iy3BfyIwIdgM561tW2oC4iIkkAIOOa5zyiRlP/rVPZuQ+1j045pNJoqMnE2ZXIJB4IquZMGpJsuiyHgnIYe4qAoahR1NHIehJORVqNc9etVo1PFXI8AClKLSLhK5LGmGV/Qg10Oi6FPrMxSL93Cp+aQjOPYe9c+Gx1r1DwdNDJoUbwJtGSpXOcEVkakmn+F9K08jNv5z92kOa4vx/oqaPqcd3ZxCO1uhnavRXHUfjXpUh71R1nS4df0ebT5yAWGYn6lGHQ1UXZiqR5keKm9OMZpkJuL65S3gRpZZCAqKM5psuk6gutNpIgc3YkKeWO59fpXb2mn2/hWyMMJSbUpRia46iP8A2VraU+VHNCLb0KM1tFoth9hRg07fNcuO5/uj2Fc5PI0kpPbPStPUZ+uTlj68k1kkEvgdT3rmvd3Oq3KrCTylbcgdTwKx5Bg4rWu48KB2ArJkBL8V0U1oc1R6jQKlAOKSNM9alC4NUyEiMkihWINSmMHnrTCmOgo0HqPEmR1qW2imu7hIIELyOQFUd6qHIr0L4aaIjwzavcLkA+XHn26mtKdPnlYyqVOSNyfSvAUSxo10POkIBYk4UfQVtf2Po+msBb2MMk4H3ymcVo3d3IQRGQidBjvVEkbSWOfevap0IJbHjVK85Pcq3NvZXY2XVtFIPdMEfiKxr/wZBOpk02Yxt/zzkOVP41ryzLv+TIPqBmpIZyW5GR27GrqUKdRaomnWqU/hZ5vqWkahpzEXdrIi/wB/GVP41RRea9i2w3lu8Ey7o3BVkNeW6lpz6Xq09m2cI3yk91PQ14+Jw3stU9D1cNifa6S3II4SasIHQYzUkKZHHNStGcZx+NcqOxsgErBsHitLRNQ+ya1ZzE4CTKT+eKy5QR9ar+YY2DKcEHNaX0I6n0DIfmI/KoTw2aisLsX2n2t2pys0KuD9RUrjBrkZ3LY5/wAb6Yt5pcd8qZltD8xHUoev5cVyMKBkH0r09oUubaSCQZWRSjA+9eYzRtYXUtrJ96Jip98VtTZzVY2dynfxLsOBWBIuJD9a3ruZWU5NYVwRvJFbxMGWIsFeaiuEBHAqOGbHU1I7gitDIy5owGOKgwQavSpk/WovJ4rKSNY6jIiQea1bA5as0RkVdsSQ1YSVzW9jYLYXk1m30nQVYZiR7Vm3zMSADUqGpDmU5mznFVxGSasCIseanjtx3rVaC3KixHHSpPKIHSr6Ww9Kk+zgjFO5SRlBSO1FaLWwBziii5VjSJBoBBOKqyOVGQaYtw27moQNmkpGKilAIJAqo12w6VMkhkUE96RRXkByRUIXB61akAxmqrkZwKlsLDixxUMjE/SnEgCmHk0IGwUE1IsWTk0iAA1YQZFNlwYCMAYApTEOTinqQSM049OKm5q1coTR88UsIAwDU7IO/SotoBp3MuWxoWxAxgVowuBg9Kx45NoqwLoKBk1cHZmdSNzejmCr1pHuQQcmsUXxPfini5JHvW/Oc6g0yxcOHzVCQAAkVI0mahkII96ylK5vGJGVz1NWdHs/tOtWsJcxq8gDOP4B3b8BVQybeta2iMI4L297pH5SH0L9f0B/Os22lcvfQraqZDduki7WQ42+g7VFAoLDd0AzUbzSCbGI5FznY4OPwIwRVuAiR8iKOMAZwGLfzrGxsmzKusw3ssROcHOfqM/1qSOUAVE0TFyx5JJJJ5JppBWupPQ456lrULgR2keCc9BjtWUhmLqECksQADUuoSGVohu4CgYHapbG3aS4iVOoOSfQUN2QJX0IrmwmhUCZcM3IA5qEWGQWLYA9etdLqF88lulvbQKzqcmSReB9M1Sh1C9s5gJYbd16/dBxWfOzbkSdmGn6OPswMi4MnIDDkVU1PQ7jTEjuWBMUhIVgMYrp7zU50sQ9tbxpJJjDEZArMRb29glW4vEmBALL6dwKiE23dl1IJKyRXtbO6ks/MkX5W5TPU1EUIOCpBHrXZvaBVVQMBQBiqU+noxOUz712wjqc09tDnFXjipCQBV2fTGjJKZ4qhNG8ZIYEe9aVIKxEJO44SEiu0+HephZbvTnblwJYwfbg/wBK4WPJq9pV++latb3q5Ijb5gO6ng1wNWOpSPaMgjNN5ByKhtpklQOjBlcblI7g1N7VmdCM7WLOKOKbV7a2Q3oi2PIB8xSvPry5IyzNljk5NepowBIYZVgQQehry7xtpEmjajlQTaT/ADQt6eq/hSldi0ic/PMZHJPSi3UElyOB0qqG3sAOmetXo8BQKpRsZt3K12CVOKzDFk9K2JwCpqmseWwK1i9DNx1KyRkGpDH3q4LQkZHWh7YqORS50V7NlRR2oMfFSFCDQMntRcXKVjH7V654NVR4JszGAQobfjsdxry7ysjpXYeAdVkt3udKkybeZS6+qN7V1Yapadu5y4qm5Q9Dp7liWz1waoyy5baD9famXt05uGRWACnHBqFTxnOSepr31seC1qOAAYkdSKQEk4J4HpUfmFRl8ZHXFMWRixJ6ZqhWL8JdXBVyQTwDzXO+O4x9rs7jADOhViO+OlbsBIPJJB6j0rB8auT9jGePmOK5MWr0mdOGdqqMW16Dirj4CZrOtpAABVovuXrXhXse5a5VuWHaqDEkkVauyRzVULnNV0IsesfDjU/tfho2jtmSykKf8BPI/rXUPyK8t+G909v4mFsMmO6jZGA9RyD/AD/OvVZFC5APSuee52U9UFuc5BriPiFaC2vLe+UYE4KMf9of/Wrs4SQ+RWB8SIDJ4YEyjmKZWJ9M8UReoqi0PMZ7nPeqEsmTxSSMxNQkt1rricTQ9SQamUkiqik7uav2w3AZqnPlKhT53YTyyecUGIgdKvpCCvIoaIDgdKTqxZ0rBzRllMDmp7Tljip3gyOlOtoVDHjFZuUSJYeoiYrlc1n3keGGa11i44NUb6Ntw44rFTVzJ0ZLdFFAARmrMaiqxyDTklxxWgkrF4AAUoANV1kzipN1BoSFQTmimbjRQAyUZUjvVUAg81ekXk4qpICCTU3BIjJ5xU8cmFxVOSTnPekExAp2uDZceQHvVSSQBjg0xpiRxUBYluaOUnmLQYtTguKbCAQKn28VOxVmxgODU6SDFQOMVEZcHAp7gnYumQZ4pwkyOtUPOzT45ST1pcpvGZbPIzTWApQcrQRSKYwggcUnIGTQ5I6U0kletMxZIr81Mr46VRDkNUvmkcVYi8JBjpUMknJzUIl4qKSbrg1FtR3Q+Rwc81rwv5Hh6Fe80jSH/wBBH8q55nzk5rcv2MdtFCf+WUaLj8M0p7WCO9ykZMucfnV60OQ574PNZKMd31NadsdtvIT3wKzsaJ6DXjxVScAA1bkkyPpVG5k45reJzz2JZ9MDCFFkkMxUEkR/IM8hc5/p1q5o9o0dzMki4ZAAxqW2vprzRJoI5GWYlF4baDjjr9MfrQskw1HziAFdFLAdB7Vk5Sd0zZQgrOJr3ehR3CmRC7kjao37VH5VFD4fZkjt/LSJT8uc5J+uanTXkitwpHQ5z2FUbjxNPDOsqJFMuCDEWxj3zWCc27I39xK7Olj0i3n082QcBrYebGMfeIGD1+lUdJ8PWwadRHExcF42CYOcfX9KyrHxdqCyu8tvHGCMKxTcuPSp7bxDcQ6lHImB5rnChcFCe2PSn78Q9yRvriRASeSOfSnC2DDOKyF1AmZipwCxOPStK2v1IAavVjseewmsRtyRWLf2ClTxzXRSzKy8Hism+kXaacnoSkcrJGYXI7VFJICKn1BxuJqPStPm1jUY7OEhS/LyEZEajqx+n/1q5XHU1TPQPAGqNe6S9s4YvZMF3Y4Knpz+ddeTkAiuStNTtNH+z2FmgjsYztYn70hPBdvc/wD1q6dZPlx1x0PrXO5JvQ6oppakufXrVXVdKg17SptNnwC4zE5GSj9jUwOee1IJdkgYHmi9itzw+a3msb+a0nQxywOUdT2IqdZAFr0Hxx4TGsY1bTVzegBZYxx5oHf6j9RXmsgkgcxTI0cinBVxgitVaSOZ3g9SeRwU60kABaqrSZHWprZ/mH1qZKyNKbTZrwxgqOKkltgV6UlsVIFXgAVxXDKbuelGCsYU1qQeBUaWx39K15UXPFMjjUnkVoqjsZypK5VjteORVzTALTUo7jkCMMxA6njpVhIhjgU14X8yMRjLMwUYHrVQqtSTRnUopwaLUt1HPKZ4Wyr4KkdKkjuAFJJ6Vy9nqYsdSmtLjiIucH+4f8K15LsIyCMbgTnPXNfV0KyqQ5kfKVqDpz5TRutQsbG3D3lyiFuQvUn8Kx38YaUjEJHOR6hcZrC1HStUubyWeZFY5zgNnA9qih0W6l4KqAe5NYTxFa9oRNYUKXLeUjtdK1+y1QvHB5kcoGdjjBI9RVbxa1tJDsYnz4QpXHv1rP061TR5llLhpMYx0FZuq3slzdyvI2WkfJx0AHSs8TOfskpbtmmHpw9q3HZIhhk5Aq8DgYHWstCQwNX4jkA5/CvMkj0IsJoxIOnNV44WLhFUlicADkmrwGa6DwTpqTay99MgMVku/B7v/D/U0JjsXLVo/A8ELpbRPqc0Q84yHcU9h6dqt23xHLShL2wAQ9WhY5H4GuX8Q3Ju9YmmkckkkYqDT7bz5enAGTmudu7OuCtE9Y0zU7HVYfOs5d2PvKeGX6isf4h6gsOhJYjmS6bJ9gvP+Fc3Ddto80Vzb/LKGAYD+IehpvinUxrGrlk/1UKhEHr601oRN8yOSaAk9KjaAhela5twahliAyK0UzBxMgwnPAq3aqRjIqYQgnpViOEDtgVM5XRvQ92VyWPAXpTiAaAp6AUNG4UkqcDvXA3O+h9DTnTcbydhAoNKIwDnFADYzg4PenANjkVLqTW5r7OnNaagDt4qKcBjmpCeOlRHJ6UKdzGWGiUZoQ2eKrG3YHjmtQpnqKaYx1ArohWaOKrg0ygoKnBHNSgk9KsmMdxTDDk8cV0xqJnnzw0oDFNFOCsM8UVoc9mNkkG7g1DINw4qMElsnvUoBxmpYIpyRkd6gCnOKvyRkjNRCP5uapPQlx1IfLJpfJPU1cWEHBxRJHgcUuYfKV4Rg4qySMVCuQc4o3knFJjQyYkk4qsQSauFQRTPLGaaYmrlbBBqSMHNPKY6U6Nec07jSsTxn5eaeTimKMCnHGOahnTGNxhBNRnI96lJFNGM0kxOCRCASRinYPWpgoLZAoZMAkVomZSiVnciqzyfNU8wwCapty2atK5g7olVwTnrit7WCfOcjoSOAc4rnFOPxrYu7sGGEsCPMjBz+lROOw4Pcpxk7hWzaI0llMVUnZhjjsKyonjZuorovDzxpK4blXBVgehBrKWhrHUyJSex5qmwLtg1rXFsIZ5IjzsYjJqKO2BbOK0izKSIbBprOcTQthhxyMg1pBCUe8d/mkb5lxjB9qbDbZYALkk4x3NXJ7SS3glhkXDJIVZc5II605xur2HCVny3KGYp1MLttJ6H0p1jpMCXZ+1zSvCB/AduapXI8tSwOCO1WLC8gltSksrIwPykdqyaaV0bKSbszpobHQwsas9+65AGZYgP0OfSsm60uXR7uSe5uluHhG5GQ5UE/dGeOlU4XAutrag4jxkADkVa1CRbtgsTs0WcAnviqpw5pWCpJRjdFaC5bqTknuetX470gDmqqWRUAimyROg716KijgcmaP8Aau0YLYqheaqCCA1Z1wxGeaSPSNQuE85o/IhxnzZjsXA6nnk/hTlC+wlO25WnnaaQIgLMxAVQMkk12OnWn9haWYSR9ruBunYfwjsg+nf1P4VQ0v7Do2k3d9Gom1CPakbt/Dv/AIgO3f3pRqC3NqJAfmAAYHqDXn4lSh7p14fll7w2+u/lIzxjpXYeG/EUN7osQmkAmgHlvk9cdD+Vec3c+5iM1BaX01pciSFhk8FTypHvWEY2OictT2qC7SZcg8VIcMcg155pXiQghHPlnPAJyDXU2WtJKQrnB/Q05JoUZpm6OOhqrqGk6fqsfl3tpHMMYDFcEfQ9aWO4Vu9JfanDpli91KQSOEXuzdhSTsaWTWp5z4p8I22lS50+7aRjz9mcZYD1BrnbcFH2sCCDggjGK6S7muL66e7nkLSOc59ParmhaXb6tqbC9hDw28LSysDgnsoyPf8AlVqbl7pn7NRfMjGtnIA5q8JPlxV2fQreGJ3gaXeBlUPOaz8MvDKQfQjFZ4jC1KLXOtzow2Kp1k+R7BJIKjWQZpsoPaooo5C33TWSg2i5VLM0EmwODTxdzQMJYJCkgBCspwRniq8cEgGSDSTZUYxz0xWfK0y3JOJlXGkxzXBuBIdrDcwPJzWcbu4sJsQvlQc7WGRXoA0K0htRHIZDKwBkIPQnsKyLnw5pu4lpZwT1+XNe9SweIjaS/M+eqYqhJuJzU3iK8mUhUjjJ7jmqw1PUCNouGAJ7Dmugbw7pgOFmnPttAqW20HT43DFJZBnozYrpdDEyer/EwVWgtl+Bj2UdzcbnkeWVsfIDySaqTxyJcOsqMkgOGVhgivT9JsFjK/ZbVEP94LlqyfHfhi9SeHU44d3nfJKgPzZ7NisK2HcI3crvsb0q3M9I2Xc4hAcVahJX3FXv7MtbKIHULhxIRnyolyR9Sav6bp1hfMyBZrdlG7lw/HqayWFqyWxbxFNMoQxtM20DHrWjb3uuaZG0dh5UcLnLKwyWPua2YNNtLL/VKZHxnc3enFY5Dhkx7E4r0MPg1FXqLU4q2MblaGw3Rdf/ALUR7e6gjFxFxLFIgIYVdGi2hjmm01TGwUs1uTnHup9PbqKx7vTxZXlvqtvkbHEcq+qmtu1keGcmNiGjIZT6irrYOFWO1mgo4uVOXk/wOM1C8JuAA3IOabC+7knJPJNWfF2nC01kXUK4t7xfNQD+Fv4l/A/oaz4H2kZ6V4EouLsz2E76l8KCKrXK+lWo2BSoJxnmpSuDKqHBwa2dL0x78g5CRAgM54ArICFpAqjkkCuikuhaWaW8ZwqjnHer5NdSJ1eVable5aOzWQJGoCZAYnJasGXU7mQnDYBNWb65M4wTwD0rPIHatUkjkcnLVk8V3MDguSPSr1vdksMgH2NZ9vDLcSiOFGkcgkKBknHWts+H7iK1juYN8xIJkQIR5f1zWdRw2kaUpVIe9B2LtvaRXcW9ByOGHcU5tHHZf0pmhXKR3CBmG1ztNdebRT/CKxdCKeh6lPMJyjrucc+lELwtVn04jPHNdwbNSOlVZtPU5O2n7FFrGyOMNkR2qNrTHUV1UmngZwKpzWmAcrxS9k0V9ajPc5prcqaK0p4AGPvRS1K9w5KM4NWFeqxwKUPgVseYnYmLCmiowxJp+Riiw0yxGQBilYZFQK+KkDZpWKuiNxgY71HjmpyO9QuQKpIhsMgUoI71AZAO9N8zJ4quUXMTsR2ojFRAkmp4wcVLVildjxxTJGxTyPWoJjikkbRnygXphkOaiLknAoXJNVykSqXZdhJNTFSRwCfXFb/h3wjJfQrc3bFIzyF6E11ltoWm2ShRGrY9a6qeEnPXY46mMhT03PKbmJ8cow98VQYfMa9sfTrGRcGBCD7Vgax4NsryMtbII5B6cZrZ4KUVo7mKx8JOzVjzDGK05kEmkWp7qpGfxNXIfCl1Lq8WmyyLA0hwHYZFX/Enh2Tw2kdi8wnwpYSBduc+3PSuOqnG1zphJS2OYhQbgc1vaUSHBB71gxHD4963dMwPmJwAMmsJ7G9Pc1723huJI5NzKXXOQMjhiv8ASoobEvKscMiSMRkKTtJx25qxcMVmjhYAGOFVYehb5j+W4U0RLJGCwyrEZH1HNe7SwVOpSjKS1seXVxM4VJJPQ3/DXh+Q6j9quhGq2yCYRbwzEngHA7A9fw9ak8QaXHd3Dz2wVZyMt2En19/euZtNVv7HU1Ec2Lm0jyrkZ8xDwVYdwRjP+ODXQ22uw6iTOsJhUECRQ+7yyf12nsfw7U1h4U04S+F9fP8ArYiUqlS04fEundeRxepWkpZtqEOnDoRgiufkjnWQiON8njAGc16H4i1bTLaUQPCLm7A6I23yx7t/Tn6VhmaMyIBiCdxkKSCp/Ef1xXn1cJUpt8nvI7aWIhWScvdZhWGn319cBdrRqOGdxjFdtY2VpLKNHjAE8cIlRz1LEng/X9KoCSUAu0e1gOSeaoaRcXA8Q3Fyh5hj3vIWxtA55rDCT56yTRriafJSbT1Oml0a7hVQ8XzEZ2g5I+vb/Cqc1nFA6reO4LZGyPBIwM9Tx/Oqk/im91prJZUSG4kUNhDwVGcYz371XtGfzItzEsk5DZOc7gRn869qnh4P3jzJ1JrQtPN9kEi2YCmPaRIVBY7vf/IrJ1Se5aJy0juAU3knOc5/+tW3DbAyTQjnCIB74JFZ93GJDeQDqSyj/gMea3nBKPKjKE7yuyvGWmF9EOTLbrIvqdh3H9N1Z6SsjEqSM8EdjV/T5lhurW5cDy1fa4PdTwf0NVLi3NpdS27HJidkJ9cHFeJjY2nfuerhneFuxBKScn1pkY2cnqasQwm5uY4VZQXIUE1XGXIbHB6VxwV9TWb6FuHJwc1qW2qSWeA37yPHK56fSsiI7etTO2VIHJxxW1kzJNrY7DS9fSYgRybxnGDww+tY/iTxF/aGpiKMkQW3yqD3Pc1zcZuLa4WeFikiEEEGo55JJriSeQ/vJGLMRwCTWTpdUbRqvqdDbXofAaup0Ii28Oz3PRtQuCE/65px/wChZrzqGaQEJGMyOQqj1J6V6Tc/Z7eC1023lVhZW6xEdDu6t+ua2wdLmrK4sTWtRbI3kyuQeScCtfT7PwxLdQ28217p03OSCEJ9BnvXOhjvGegNR6gy7VI4OcgivoK1FVY8rZ4FGq6Urov3J0q7usLpwtxGSuEckuPU0kVpaMWAi24GQQc1nW0uVL5596vRzAoSDyRjFJYSja3KU8TWvpItG5s7Sawht4w5lfbKzrySaqXA0y2mimnSVysm4oCADjnFUpS0mp2EasQfOLD8BWhr9nbS6c6EAPjC/Ng1MsJRaUXHYpYqrGXNzbmxLrGkyNG0VpHMswyHEpHPoailudOZth01gT3Exx/KsHR7K0ttJS2kdNxyWO7PNTyTfZIsPMJIx0bqR9apUIW1vf1YpYipfT8l/kW5bezLEppuR73H/wBamfaba1YD+zrcH/adn/TisefWwpIRuvQiqT6zMr7lkB9exp+xp9fzZSr1+jt8kdTLr96yeXaSGEdCIotg/PrWddy304RY3wVBDSSPktWLJrEj8KSCevOc1GLm4lOTIwHtVxUI/CrGcnUm7zdy9Nb3UimO5RJFI9Ov40vhqBbdryIAhlyTnng4xz+dRx6m0cfkzMSG6EdRWjpk0RjkEa4JxknqaejJbaTRNPIwVFBwQTinBi4xIN3GQOhqCZsEueAo4qCC+Z3QORlScGmZ2ujUmVX0ecBtylMjPBGKltTvEMncxYNUr2cQ6TOw4DDGPc8VatDst0J42LgmlcOhU8VoJNDtyR80dydp9ivP9K5Lkda6PWbsXYjiU/u48nHqa5+cBDxXzWJkpVZOOx9FQi40op7j45scZ+tSs4YVn7iDxViNyRVUoXJqTsWbQAXIbsoJovbkk4zU8MmnwxgyS5kZfmBbbis7VbmxjKGCUliTleo/OlNrmsjFqTVxrNlM1AWokY7cjoah3knApCOl8LTQ2q3ly203JhKWxxuKse5HpXYHVHOmiSzhlLtGBJFKmSW9vbrXmEE1xAxaCQoWGCR3qc3+pNOJjdSlxjDBsYrknRm5Np7nTCdNRSkje1i4B1TfHbLbkopKqMAn1xXcWNx9psYJs5LxgmvMInluXD3NwWbplmya6bwu5hvrk/aQ0ZjUKm7JPrW9OPLBRMuZObt1OwJppAPWqxul6g05LlT3qyyR4QQeKoXVtweK0PPXHUVBNKpU0Cuc1dW/z4xRWjN5ZYkiiiyL9ozyw8daZkk1sS2IwcDmqTWmG6VlGSY32K6kjmpAcipfIAGajaMAcVQxu6nCTHSoiDnilANUSrtkzS/LxUEjE5p+0mlEeajmSOiNCUiqVJapEizirCw+1TpDjHFS6p108F3II4varEaVKsOKeUwAcVjztnVLDqMSu64qnMASRV6UjBqjIfmrohqeTV0diIR81ueGNG/tTUgGB8qP5m96x1wTWhY61c6PE5tduX6k1tTtzrm2OapfkfLuepkiFBGpwqjAxUBmGDzmuK0fxZPeyeRct8x7g9a6UzHygBx7179OcZRvE8GpTlGVpFwXqhiueKmhm3MCDxWJnLZ71KdQS0TJOWPAFU3YnlvoiLxdYR3VusyHbKp6jjFcxe3JuNNMEtwZmhdQGdssNwxj6fKPzrsrRUvkLXDrvbopPSoLvwjavYXnLBpo+SoyRjkED2IH8q4MTQ9orxO7D1/Z+7I8xAAlwfWtvShHJeW8Lt8skgDD/ZHJ/QGsW7guLC4MNyuHADKwOVdezA9wauaBceZrSsc7Y4Jifb921eUqbckmemp2RvRXD3N1LI4+aQ7zjoCef8Kv2JD2zA4+Qt178kVk2TjktwzZJ9s/5FammFA0u5hgSHPvzmvqVokeJPVtlO/hMWswOODLC6/XGCP51HZC6t9SnuLWQxEJuzgEENwykHgg8Va11x/aWmSEYLNIpH1ArXh0iFtCur2O4zdxSASW3AxFx849ecfQZrNuNmp9/wAy4uSs472OUmsYHUqzPEc5Zh8276571ci0yEoGjJcADk8mrslmXV5Ag8tDgueAfYHufaoowbZgVfABz6itVCD2M3OXUjuZGjtihGScAepqqtslq8lgq+bd3kiM5HJRRyU/P9K03mS5vkCqN8amViO3Yfjk/pUGiW0TeJYSflSMgH3zXBTwcKVSVX+vM7JYqVWEab/rsXNM8GTbmvpn2yucqWYEJk9BnAzUWr6Bd6fGbkkPGjB2OMcA9R611en2sOr6pdrqG8tB8qQB8fLnH5Dj86o69a/ZFvdKhcm3mtHZUZstG4Ukc/h7cGuVY2Slay7/ANM1eHur3/r0MtVEd4ZEOfkw49Oc/wBTWVclYbsyN0N4c/Qjb/UVat7hpbmNx1eBW+uRVbUsTXawr/y0jY/RuCP5V7EtVoedFWlZmNI4FnMCcbJmUfgBTdWuCb4ytnMsccmT3yg5/nVe7kYSXER6eeWP1qzZyPdwJBPam4jh4SRG2MgPO3ODkZ5wR/OvGxKjK3M7WPTo3W3UbYkxNLdnIMNvuBA6O/yj9CT+FVzckDhMV0dppM16ohEYghB3bAc5PTJPc4+gA7da108J2KJ82CT3PNeXVrwUrR2O6FCTV5HCrJJL04FOZZVAfnHrXew+G9PjjIKDJ6GsTxBaQ2EC28fU9KzjV5pWRq6CjBtnNmRvWonckcmpSuBUD9a7FY4mi5ohVdTSVyNsIaTnuQOP1xWlDfyTyGR2Jdjknuc1zwDBgRxWjbRGQAFmHuDg1dOqqUrinSdSPKjqIblB+7EokZcbsHOPapZiLi0dR95csuaw7K2e1MgjOQ+DuPatKC5+YK/DDsa9ehiI1Y3R5dag6crMbY3GQV71oRTbQR3IxWDeyGx1EMOIpfmB9PUVpwyeZhgcjGc11KV9DGcbaluEA6nHI3S3iLfif/1VkarqclzIRnAzwKm+0OIpgPvznj1CjpU+n6NCyiS5O4n+H0pPUastWYSFzyHIHtVxJruMBxuI6c8g1u3GlWm392mwjoRzUMmnsIIQMDvzxmuatWVHlctm/wBLndhaDxXMoLVK/rqiqlrbX0Z3wmGTHOOKqnRZQ5CI0i54YDINa8ez7TJzjAArXtLe4utJKWbHz0mwVGOQa5njW4ppLZbvTX+kd/8AZqg3eTtdrTfT/PX7jmbPQ57mQxxREuBkg8Yqe40i5tJUhnj8sv8AdbOQa3oWZNVaI4ErwlWwehqqkjXGlzCaRmkhdWUsc0RxVSXvWVtPx0v95E8DSXutty19NNbfcZTaKTFKQ6mSMgZ9atQ2ZsXCM2WK5OO1W4p0jubjzMBSFJJqCaYvLLIe5yCPSjD4mdSqoPtf8EVjcHTo0HUiutvTV6/PRFW+lJKwr1PJpkdo0bhz16gVLbRh5jK5yCcAetTzToZljTnB+Y+lemeDfsVdTLulraqeHlUuPpzVq7uwqC2RuQPnI/lWbqF2IZvN/iAxGPf1qpFMSMk8nnNeZj6/IvZx3e534Shz2nLZFm4kABrKnfexIqa7nyuKzhNl8GvFPWJ0X1qQZU5pIyCBzSk5HFb0Z2ZjVhdEJuWivA8axyMAQ0brkEeoqWeOC60aeRI1SdHDggdMdRVWe3t5B5ksskLRnKuq5ArVtBpklpMHeUOxYq0YyrjsCD+NFWVnexEVoc7HfXCuY5MMBxip3uVCgmNwfbpUkmhSB96XCBSSRlTx9SKuXDtcWqRMkbSIMErzn3qG2tilGMtzPjvoQfmV89sVIdQUsFjRyTwMVPp+jRXcpWe5W3GOGIyK6q38PadbaPItvKkt20gZZOuQPT0pOdilRVrnJ6qbnSpIUmjw00YkUA9jWpo0xS2ivDLsZmYbcenv+NVNfMmpahGJphujQRBipJH4VZvdKTS7BFW9E77g3908jsKd3ymNRKN7G+usAj7361Imqj+9+tcV58i9GNSR3kg6tU8xj7RndLqo2/e5+tRtqoOQWrkVu5D/ABGmSXMmM7z9anmZPtXc6s3wd8BuKK5W2vJfNxuyMUVfMVzmoygjkc1RmjAPFPe7UjPaqst0OcGsqVNrc676kcgAzxVVhk1JJcKehqPcD0roSG2AjyeKcIuelSxISBmrMcQPBrCc7bHdh6HNqyqkJYjAqwloT2rRt7YEjitKGyBUcVKpuR6TnCmtTDWxJ7fjU8dgeOK3lsR6VMtoB2rRYfuZSxqWxhCxIH3aimtSF6dK6Y2ox0qjdWw2nitVQRy1MXzHJ3KFc1nyH5q3L+ADPHSseSP5jWsIJHmzk27jIhvkVc4ycZrpo/C8b2wZnJ3DPXpXL8qQR1HINaB1u8KLGJMADHHWuiEacbuSOao6ktIM0zpFnpbRTK4LBuTmtp9VtAgzIvArhZp7mZjuZz35qFRNI4Xc2Tx1qo4uMNIozeGcviZ2r6rC2fKbJziodRaaOASxjcev0qjY2Lw2Zcrlsg1rvIhtAGGCRgg15+Ix1Sckloj0aGCp04tvcpQQ3f2L7eZ3VgM4BwKtaf40uIcJOu/BwGFXI1jfS5IDwAMgVxDfJIy+hIooYmpdu5NbD07JNF7VbsGaQwrG9s7F0hmQOqE9cZ6fhiqD6rdNaJZpsigLjMUCBA3rnHJ6DrmptnnwmPPJ5B96rWduXmeRzgQ44I6k/wCTXdTfO721OOS5NOhrwnfIGUHBzxjGKt2zE3DZ4GeQKrQo0WwvgFgDj0z/APWq1psLhA0iFWb5sEYPPNezGV7HBK1mJrcmbrS5DyBPjH15rYnmEF1Dd7EdQRuV13D8R3/rWJ4iXy5NPHOBKT/KthsGEbhlWHPrSirykQ3aMWV9Uu769dXuZd7oP3W1QqAeiqOAOtUxMrp86/KTg57GtJ9LmttPW+aTdYvP5AJ6hsE5FUJLcwzOpwQThh/Wri4pWj0B3erHwNBDLcFv44kwR16tUVqQZbhlJBIyD0/z3pY9LmLF43BDDAycY71IYJIIjGBunlwFA7AdzVqwr+Zp/a3fY97DK7gAC5tn2ufqPXpzUcmpWlvBM8MM7yyxkSSzEDjHPA9f51n+QI1LzTB9vDMxwi+wHeoQPtspjQMYFI3sRzIey1zPC0r3t/kdCr1LWuP0pGFzEjDBW2UEHtxU89qh1CIMuRgt/KrOlRqfEEgkHCKFYH2FX76NC817gAJE4wB9P/r1rLRHO37xwEVsl5qKrIxSOWZizDrgntXosMVtFAlvb2kcMCD5QBn868/t1IkRx1ToK7JCZLSNxKQcAYr5XFVHUlo9D6XCQ5VruaaCMjCAAjrQHZTg1RgDxyAliQe9W3lQITnmvOa1O5MnhKknPNcz4sgLXCEKcY61u2xJbJPHaquuPHLLHHgEkc1UJWdzSFD20uQ4V4iOMVWaP5sGtu+tvJcgDIPNZpTL9K9CDurnlV6UqU3GSIVhGelaNrHtApscAOKtRqEGKibuEFYnEgAxUU1yEYE9B0I6io5JQOAaryMXp0nKEuaIqsVNWZakZLuAQ3I+V+UcdjRpk0lvJLZzn5kRih9RUGnxobxEmz5b/KQPfpV24011j81ZARGcBicMPavdoVfaR5ux5NWn7N8r6j7FWndMAkKoBNbCllGBkY7Vn2kOoxwhYxEqHksGyTU3lXQcDzFOetdEqsKceabsvMxhQqV58lJXfkXjNvXAOT6Gm3MqTRQRlgCnBycYqmbacPvEgPGcDrTZYrth8siL7FcmueGIw+IklCabR3PCYrBxbqQaT6/O/QsSEQNIflOXwDmrX2sW1vKkEnMgV1ZWwQRWE1teHIMyD6JT7bS7i6fa1zJtH3scY/Ks5YSlSjzydrbvyVrfkdkcwq15+zhG99l5u93+JsJqcHn297NIkcqHbLk9R61DdX2nRrLHbXSP5h5welTJ4U0oJ8xeR8dS1RXnhmzjh3RKBJ12sMg158cZg3UXvtL8N7r5I75YTGqm/cTf47WbXS7Rm3GoRs0gj3MXTaCOaQXEhiRXyoxgk9TVdhLGxjCiMg4wBVvTLcGUzNlivAJ5r06qoYan7btr+Fjyqc8TjKv1fvo9PO7+4tw200gyf3K9Ofvfh6VcgsQFwqY9M96eskYcqxOR2xVvzEjYHIIIByK83DZhipVY+2haM9jvx2V4KNCf1ed5w1av95w+rSrNqziIMEjwmG9R1/WliOBzSXUedXusjgStxU4iynAxWda8pts46LUYJFK5BYE1nSAq2RWvNCwB4rOnjOTxWXLY15hYZOMGpvMzVFSVNWEbcQB1NOOjB6odLII13uuYwQGB6GmTGawijkik/dSIGjZDkH2+opL5yY/KQ5A65qfStRSaEaTfRobcEmNsYKMaub0uZRV3Yyo7mQMSZ5FYsCSHxmuj0+aAKGkcMp7sc1U1C00qJwsgljIGN0IBB/OqFvJaWlx8kssinoHQCsZe8tDSPuOzOrm1PTEtXiSyMjlThkTpUmn6o8djL5WmyCIAs0hOSKpWwkvYiROqRgE4BxVsWarpGxJ5C0ygMpfIFZLsdDta5ycyXM1/ud5NrjfnOOtakdnsjA6nrk85rT0yzgub50uVQwojHB4BIGcVOYlddwjVBjhR0Fayehx+z5jnJoCuT6VVyQ2K3rmEAHpWPLGVcj8qSZPsbCxvilZwRUGSDigselOxhKlqWLU/vs+1FMtciTPtRVWHyEBuCR1pjTcVFg4pj5FaXOixIWyc1NG2cVUQkmrUMZJFSyluaMPIFXIVyaq26EDFXY1IwcVySTufQ4ZR5TTtEBxWzbRgge9YVrMFODWtBdAY5rvopWPMxkmnoaaxDFO2KKqi7AHWo3uwAcGunQ81yZbZkArNvJFIPTFRTXoGeaz7q9BB5qXJWJ5tSpekEmsmSPLEjmrkk29iKdZ2E+oXAhtoy7Me3QVgpvmsjXS12N0Xw7ca7dmKMERryzAZxXQjwFHbXCMXkYKckHvXW+HfDU2jWRAYGV+WJFaEizRA+YFJ+uK9GEW1Zq5wyqQvpJo4rUNCtvJ2wxgHHJxWCuiC3n3Mnfg4r0iWSGQbZkAHqcGqN3Y2zqCjA56DrWNXBRlH3VZm9LF8ru2mjk5CLeMZ4FY9zqWbgLkbQelaficNaRY6Dsa40Sl2J3d68iNFxb5j0qlZNKx2ZvoxbkrzuGMCuelg3OXAxkk4q3YoxgBJJzUzxgDpXpUcKowu+p59TE80rIzkjKmtNbEXaWpjUDz5CJcDHI4/l/Oqpj5zit3w2RI0kJOdh3rx045/kK0oe7Vt3M8Q70rroQC2F1qUkY4DusagDgAnB/JQ1asgAuZCVGCSAMZx1pNFtxJcJPt4y75I65+UforfnS3RxcFlyVJyCO/NezDc8ibvoVdT0+DUvs4kZkEUhI29e/8AgK6bQ9A0jV4FtJLua3vACQDgiQeo9/UViGLzEIHBIzn8v/r1NodvLqMyWwkWFoSWeZmwIlHVs/lU1YWi2nbzKpSu1Fq52l94XhfwqfD9vNE84PmKZDtLMTkkjkjgmvONZ8N6zoQDX/kGInbEwnBd/wAOpr03w7c6Ky3NtpEu+4jBLTSL80x/vZPUA/hXmmoXFxczNdahI8t042/Pyfpjt9K4sK6nPJX03d99TtrciinY7qa7Phvw7p8mn6fDPbvCHmmZC2CQDk49eeelYUos77SLrUrjyreXUZCLWGBM7dnVc9snBPT0q34R/wCEpsr1NPvrOWPTFVmdp1GIxjPyt9e3PfpVt9BbXPD1g+kLGFSafkvtCBnPP+fas04wnZvrun031LknKN0vkQXFloPhvULDT7nSob6e4K+dcXA3LGCcfKpyOufw9avgLod9r1jbRRLGIhdwRbBtVsD+R/Kob2bQ9fS3fU9SFhfWf7uVQQSxB5x6jIJBHr0rI8U+JdM+2zXNlPM9xc2nkSIybVXBBBz1yRn1HSlGMqjSabfX79BtqOz9DnNKk8zV7h15yxwav6xMIvD9wBwzyeUD9ev9aoeGkJnlkPQDBJ9/8mrOtxmbRcRnkXIPX2au/FycaEmuxz4Oiq2LhTezaOctoUBG5hXQxX0FpZgsm4DvXNLbzJIBz15zVq8uDHYCJULueoHNfHtts/R44OjGm04mo+uxToTCuB0p1vKJEDM2Segrm7GR1Yq8RAJ5zXR6fbxFPML4xzgmlJHnzwzglJa3LpuDAhY8ACsh7k3F0ZCeM8VBq2qyElI0JUcZFZ9pqI+0KJI2UE9cUlF2ud2FhGlK892bN6FG0EZJqgbeGSTA4J71NdziRwV544qphtwbvTi2tjtrUqdVWkrkpt3j4K5A7ioZSQPQ1fglLAButPmtI7lcdG9RWiqa6nj1sp91uk/kYhJJq1DBuXkc1E8LQzmOQYI/WtG2UFRiutWsfOyvGVnuJHbYIYDoQaZrLAwOAxAxkDNaUcY4FZ2txhbdSP42C12YOdnKJy4qN1GRfsS01lDICQdg3e9W0KICWOAOTVbTQBabAMAHFXRbjG5uQe1cmKg8Xjo4eT91I9nA1FgMslior3pPT77L/MhFzCcZfB9O4qaSASxYBHI4IqjeRxpwFx79xU2mTFo2QtnaaWPy6nhqft6F04mmVZvUxdV4fEJNSv0/AqGGYOVdzkHBwa3LS3S1tVHIOMk+9ZF5gX6Avw2CRW5cOq2ch3DhTiqzCs8TRox/n3DLcNHC18RL+Tb8zNu9UmMi/ZlxjgZHWnW2o3N3KYrlAH/vDoazZLkKCRgVDHdubmMKcncK9GtlmG+ruKjay36nlYbNsU8TGUpXTe3TUuaxGsbrKpyTw1SafGfsgfHXnim6kN1uCwJO4YAqW1nleyVY4wAowT0FeHOpOeVxv0lb5H0dOlTp5vO27jf56XFjnBYADJJwT6VakG0ADrismzLi4O8EFSSR2rURjM5crge9evi6inUoU6fdP5I8HBUXTp4mtVWlmvmzD1GEjWLgjjcQ35ilRCAM1JrMgTWXHoiDH4URsGQHuKyr2UmclB3ghs8QKAkVlXcOATitvG4VQuoyW2qMk8Vyp3Z0NWRgEMZNoUknjAqaSMWyZZv3h7DtViUx2bHad0hHJ9KzZnaRizVoo9TJzewCQtnPXvTCGVxInUdR60kcbySBIwSzHAA6mtHVNHvdHuFgvo/LZwCrdVP40OUbqL6krTUvmxXUNNjuI3yq8kY5HqKoXmnR20qxzfKrjKSAZBp2lXxs59jO3kOcSBece9dlp+m2l9Gq71urUjKkgHb/AIVyyUqb8jujy1Y36nJxae8dnJ5EqzMw+XY+QMdc1dtNQeCzCSxgkDhgcmumXTLXSYbhQ0awNG2SRmuCtreYRFoWDREnCkdqulJO5jVi42szo7AxyINsiliOQDzWiIztxismPw5czaOuq6ZOLnYcTQqMPF+HepdH1Yzt9muDl8fIx7+1Ncs78vQmM7aMS8jKk5HFZM8eSSK3rxd2QayHTBI71LVmarVGa8RxmmeWTV2QAZqPAzQmRKCI4VKt0oqbAxRTuc9jLxxSeWTShxU8YBxWqRrfQSG2zg1aii2tgDipYAAPepwBuzWnKrGXNZk8MQCgmpiRtIqMMAoGelDPxntWbgjtpYhob5xjPWp4r7HU1lzTHfioDM46Uoy5TPEVHI6I6kAv3qryamMHDVhGVz3ppkbuav2h5zbNOXUCehqlNdseM1WL+prqPCnhX+2JBNc5EI5x604QnUdkQ5curKGhaPfa1cLHbxsVJwzkcCvXtC8O2uiWqoqAykZZj1NT6daWemQBII1RVGBgYqc3QkfAzjua7KdDk1MpVpSVi1JIscJc9ccVzl9ctM5IOB2q3qt4yKEQ8dDWWx/d7ie1d1GnZXOSpLoZrvJuI3kjPIqPeynqakYgsTTCAeK7bmBX1Gxg1W2MMvXsa4e/8L3NjOSjbo85Ga9AVcMCelWb3To77TnCfeAzXNWo057o6aVepDS+hwkBEcIQ9QOaczAioJFeKd43GChIwacMk4rlqVFFWR3UqTk+YQ4q/oEwTVQnP7yNlAHc4yP5VVW2eQcCpLa1uLS8huQOIpA2PXB5rhU/fTOqULwcTp4ALWxKAnc6qox2AXJ/mfxqvNKssZJ6DHGMEf54q9eW5d9wlIXBwAM4Hb/Prj0rOkTkg5PQEnv0r3qex4ctyTT54pUKPIgZDtJJ9f8AIpLuxiaULDfqRM2xwFIA4zk+vT86xJZTaXiSnG04BPrXVThS4KbSRdpgj3LVyYqtOnVpxjtK/wCWh34XD050alSW8bW++zMyNJNOQXtpfM0sR3htu0gevGfbPt680S6fNqE/2wMBNNumwj4weTxxxyDU6IwR2DqDEVABGSeGzj6BT+GatWLwg28aFlGcEH+HLn5Qe4wa8aGa1eROaSlf71ezPoKmT0fatU23Gz+UrXXyYSSa7dW6WzahLJG6ghGdnyCM89M1TfS71EaEahIhcZMZDIG/I1oWfmPHbpnl4ygJ+rLVSC6aW2hO7AWRtrZ6AY/rn9a2eKrx53Fr3ZJWstUzmhhKE3Ti4u8oN3u9GkU2tbaO2EiyzFxD5gyQQTjPTHQ/XoasymMSzLGsIAfy1UrjzAcjHvnB6+tVdVha3sJmWQkpHGox0I4A/Xb+dV5bvE8km5gokwAq5JOTjGemMVlVqVayV23eUtuy2OmhSpUHJ2WkIu7V1dvX8NC7Y2Men2k08DkrKMBC2dh9M9/b8fTNMkXzNOuDu+5KrY9c8f1qwtzbS2h8lwNyDchcZDq3p7jP502ygN21zarwzj5T2yCP8K9KDq1MFKNVe8ro8uLo0czpzpP3G4v0v0Mkxg9R+NJ5SD+Hn1NW7uwntJSjoT3yBVYjHXOa+Ws1ufpsXGSuiMxrg/KPrVaSVgCsbYHfFLqF0be3LDriqdlIWiDN1PJquV2uYTqwdRUuu5ZSJnHI4PrSm0XglRnrVmMgqMcUhBzyaRryorGIg4FHknGSamYY70wvhSDQKyIwdpyO1W7abc4rO3YJBpILkrcAE8UyOaxtX1kl5EHTiRR19azoJDESrDBHBBrTtLhSSCaq6rECnnRjkcnFbUqlnys8jMsAqidaG/UkjuB1/KodRUT2RPcODVOCbK5zVpG8yLBPDEivTwfvVreTPkcWrUr+g20ujHAmGIJJBxWiuoByFJJx3Nc68hjnC9wCa09OhhMW+SQmQ8kZ4FevG3NfqeXJy5bXduxZuQ12+zzVQDoDVvTdJZImdrgEMcZFYs9wst0IYzyTjI7VorcG1hxuyqjvXk5xXSpexjvI+h4fwsnVdeWkYr+vwGalaQ/a8PcnIA4BFVmS2jXBnlIPUB6qSXYupXZuGJ4FMITOCDXq4akqdCEH0R5OMrutiZ1E9GyYtbscbHI9c1d002iXQYRZ2Akk84NZZBwAM5PAq/lLC255ZueO5rlzHEezpezjrKWiO3KcL7St7WbtGGrLWs6oCqxIFQZycCqum3Uzs6+WRFjOScVWW2aRxNcnLMflT0rRlyqhY+WYAACuCdJ0cPDBpXlL+mz0qVWOIxVTHN2jDbz7Is2qC4nEYIyfet0WUAjMcZCvGuWYng+1YdhCLZCHPzEde9aPnkW3ljgu3zHPJrCtgZ4CPt6Mr23Lo5nTzSTwtaFk9jmdYLHXLgMMEEAZ+lEUm1ffvVjxEgfWmdBjMa7vrVEAjrWteT52meTRhaCsWxLwOagvZxBHkcMw/EVFLNtUY6k4FUL6YyOQDkDjNZU49S6kuhUkYu5YnJJqCTpUrVCTnitjA6HwFp4v/FFvvXKwAykH26frXRfESaL7ZZWciB2SNpiT78f0rL+HEyw6peMxwRb5HtzVz4iyR/2tZ3KkEm1HP4mvMm+bGpPoir6pHFWQLvKMdBmtGxluLWXzLSeSF/VDjP1qpp4ANxMeFIIFdpp+iwXOizBreKKaO3E8TB8yn3YdMGuqtWjSSci4p7oxr3VdYvrc28ssRBGCwTaxqvDGY4gg4K8CnSEqgcDgDNJBIHcIeSSMe9aJJbA23ubGiS6loUo1YWspsSQs7AcFfWpPG2mwwNb+INK2i3uD+8KDgN1Dfj/OvQLGMXtjc6b5H7jCiOU8qVZefxBzWTq3ha20vwRf6fDNLOPLLoH5ww54xXGuZzVRL/gomUTG0DT4Neg8yZpEV0yroMgHvms3WtDk0i+8l5FdXG5GHBIrtfDKpD4ftYzbeS6RgEgZB965PUZ21PVppy/mLu2ocY4HSulq7Nk2jn57bK5xVUW7lsAcV1P9nhlyRnioxZKjHC81fJYHIwhp0jLkUV00MA9KKrlRjqeaDIqeCQBsGkMVREEGkmO1jVSUDnNSCbNZkUhxzVuLJqnIhourISfalaQlMZqMHAFIx71nJmtNEbjnJphGTTyCaAtZmso3IiuKikBGatsBiq0gLEAck8CtoK5zyp2Cxtmu7yOIDgsATXrWlBbSCOCLgYGcVwMVoun29vKB85OWPeu40UtKgkbqRnmvapUvZQu92eXVfPNJbG1JcOWCLyB2q1JOYbcRhRuPeqkJi80u7DA7VHLMZCQOg6GuNKpJ7HrSdCCSurDLqQMpyelULuYLAAD14NOlZtxzWZdyFGwT8pr1YKySPnpvmk2BmAwM0nnDtVJpC2RnkUyOfLbTwRWhKRomYgZ7Cr1hfIOC3B4wayrdWmnSMKWDHBArpLzwmkcQuY5WjAXJA71jUqwg0pdTWFKU1dHF+I7VUvTMgwG61QtIvMbkVtaqrSQEMmdvRhzWTZuEfB9a8vGQcZ6dT18JK9P0Ne1tAcZFXjZKIyxXIAzgd6htJkJHODWtkNEACOTk/hzWVKPNJJl1Z8sXIpSS5wCy4HBI7Y/zxVd1DOSMYJzj0p00YOflBI5wR196g8xkkJ7Z6V9ClpofP3fUqT6el2slvINuRwfTpVdNQ+wxqt04E0RQ455wRyPwz+ta42yXHHBxVfU9HXUIOyyLna1Y1KManK3undHVRxEqSlFbSVmT3c0JgdoJ42YyK8ZRs9N3NNF3CHViDG2cugRiAR6YHT/9Vc2LPWNKYqIvOiH8I5H+etWoNTdWAZHtpCfuTDCn6H865P7Nw8qapy6O6PQ/tPExqurBq7Vn6ehv29/B9n2iZ1kRmKqUOQCxINV7m6CQOQXaRwVDMMAA9cc/X0qqb4MAZYyCO+Ac/Q1DJMZmDthIxjC5yTWqy+h7T2rWt7/MwWYYhUvZJ2VrbdO19yXUNSC6Y3nwZPk+UDvwDxgHGO3HfqKwVkmlYzzH5n5VQMBc+gq9d5u3UsQIIzk/7Z9vaqc5O7I4z0FX7GnSbcVuZyr1KkVGTvbT5Iu6cRGrMehPBrV0q/8AJ1pCDgFufesISmOJE7nJNTwyGK7EoPIIIrZe9GzMdpXO3m8TaecjyS3uVrlr+eO4unljTap6DpTLwql04X7pO5cdMHkfzqsWz0r4uq5czi+h+rYWlSjBVKfVJ/eV722NymAcVBHZyRoADkCtAGlBrO7tY6HSi5c9tRdLjU3cSTthC2Dmu7u9M0ea3jiBjBI6jiuEOPypDNIGBEjgjvu6VpCaWjRz4jDyqNOMrWOmvdC06OF5FKgICeGxXG3EiCRgoOATg1bbULvYU+0OVPYnNU3IIOeSe9Kck9kFGnUhfnlcqyyKAGB57iq6MWcsO1QX0himwMgGmxzuMYHFUo6XMJV1z8vY1YZXVgcmr9tIZWKucg9jWRDcBvrVu2mMc4JPBOKzaOyEk0Nu4Tb3BABCnkVPbuRa56nOfpWhMIZodrrkkdazJj9mt2QHnPXvXqZbO9b5Hx+eYN0Y8y2bKd2U3pKD1OKvLbGGxNzuIZvlRR3rKINxcQQqThmxj8a6GcxyziNG+WBNiD+Zr08TiI4enKb+XqeLg8JPFVo0l8/QzLeNY1EwJLHliaW6uDLwjfKO3rVIXEjgwxqTzg+lTxW8gJBO7pyB0rgwWFlOp7erq+h6uYY6EKX1XD6R6/1+ZXJKvmp0clSxbPtUjhMbSoJHekUAZlZflT9a9epU9lFyZ4tGk601Ff8ADEqE2xE0gBLDAX0pySbpPOl5I+4p7VCk0kzhhA7446YxUyQlXy2S5+6g5x9a5sPh3ze2q6yf4eh2YvFXh9Xo6QX3vzZctIzNcF35IGQPSrMkYhuS5J3Ywq9qm0i13z+WpwzDJJ4rQ1O3hhhEkbhnU7XP1rhnWVLM71NmrI9CFF1sn5KOsr3aKlvGcFnOWPU9hVgwlgkmeB8xFRiGUFIypUHBYnvWgY2EDqASM4+lb4+vCcqdCLu5NX9DkyzC1KSqYmasoxdr9znNTUtqMm4YIAGDVOYALxWz4ihMV/G5/wCWkKn8uKw5mJXHWuDE3VWXqXh7OjFrsZ9xJi4jX1yaqyn5GPfNWpoXLxvt4QnJqnKf3B+tVT+ExqfERE5XNQk849alB+U+1RuAasg3fBlwYtbeI/8ALa2kX9Mj+VWvGUxk1iKFxgRW0a89+M1haTcmz1S3uCcBHw3uDwa9DvI9O1SR7e9RWXACSD7ycdjXnVn7PEKdtLA5Rirs4KJwEdB0IOK7W48VaSNEL2an7dcQrDKCuCoHFcdr2mPo2oiFZPMicbo3xjIrW03wP4huYBMbHyY3AIeZwg5rWpQp1+WTe2pcJ6e71I2AZGUdM5H40/wvo767rsVkWZIozvlcdl9Pxrp7H4f3Mls8txqtqixj5zF8+K3vA+j2OmWVwUuEnnkmIdxwRjoK3bshpHUwwQ2yIkaBEjAUAdKbcKklvMsgG10KkH3qcR7xjPAHWsfU1uNSuIrSAyxiGZXlITCuo5xn8qhBqZOuamNF0ORIVxJKPKjx2J4rE0fw1qEluJ5ozDGDz5nBNdrfaFaX1xbS3YLi2yyoOBu9TSajfIkX2aEAyEcL61S0Hc5d7R4zNHtJMIDZHQj1rMeRd59K6PUHe00e4ZjmdwN5X+AE1wtzduCdtNvQcPM2I54weTzRXLvcy9QxHtRU85fIjIZQRVWROasIxPHen+UD1FOJEiuq4Aq3F2pvlDHHWnJwMVbMrXJycGg4NR8k1NHGTyelYyudVOIgUU1hjpVrysLVWUFc1CN3HQjdwK09F0WW/wB1yeI0zjjrVLS9Pk1bUY7aMHBOWYdhXpk1pa6bZR20GAFGOK9PB0eeV3seXja/s1ZbnHakhjSFWOAGGa6qxlEGnqQMlgAo9a5XxPKg8sIf4sn2rsvD1qLuGKV/9XEOM9zXq1ZqKbZ5dOm6jSLtvYmO1Ejklm5OaaXCKTVi6uuRGvQZqlIcofWuLCSnJzUnezO/MYQhCm4K10QTMCCe9ZF8C446jpV2VyCR1qlOx716Vjx0ZUztFh+4ODRIRJEJ4+o64qzMiyxEY5IxWNY3fk3T2kxxz8uaG7OzNUrq6NuxvXQiSNgGH4111trc1zpot5Imd3GNwGMV59k2lzjPyOcg13OmavamwDuoUoACMVzYiOidrs3o6O17ISTQriC3LORIr9sdK4rWrCTTJ/MUfKxzgdq7r/hIDfKbePjHc8VBd6auo2jwzplscH1qZU5VKfv7ijVVKp7uxwtvqJUg5rpNIvfOtpWJzyEB+vJrlLzT5LG7aFweDwfWt/RYWj0sNn78jN/T+lc+Gh+9szqxU/3N11NWaMFcnvyBVMx5bjvT2lYHOSRmlSRW5PWvX1R5K1IEUiSQg8AcfrViOZ0yBjucHoaVIh5ZPc8mgJnA9hj9KpWsJimRJMgfK3TaehqG5torlCk0YIOeoz+VP8oHBI546VXnuniHlQgbjwWPIHSiwlvoU5beCxXahkdn4SPOfXt+VUhC0rMzSYUffccAf7K/19KuFo41LuzBT9+U8M3sKaEM6qzJ5cKj5IxRsbJlFjglmAWNRhVHQCqE0wLbxwAcKK1LiEzcYwowcVkmEy3qRLnGa56tzaDTIzMTOQT93itBCCykVhsxiupEY5IYgmtO1cyBe4rOnK+hpONlc1r47ktpBnmPYT/un/Aiq2cVakj3aerddkuM+mR/9YVUYYNfOZhDkxEvPU/Q8jq+0wEPK6+7/gDg1KHxTAKUiuE9gUyAVG0g65pHB7VUkBzjNCRMpE5cHJzSZBNVCXB4qeMt3pmfMV9Ut1kg3jqKz7chVAkHB71tTxmSErjOetUZI1KFAO2M1tTTkrHl46caFRTfUQKoUGMZqxEGwCeCOlU7aQqxRuo6VeBJAGeazkraHdRlGceZF6OY7QDyaj1uPyokbsw61EH2sCOSKfqTvcaeS3AjIIrqwL5a6+Zx5zBVMFLys/xKeloftUU2PuBiP5VrCFQQSOaqaUgWBXI4I4NXJ45GizGzbhzkV6GOwNbEuPI0kj5nLMyw+DjL2ibbfTsULKAzSSopwiHkgVa+zS7NiSAKPUVS0e6kRLkGMlEO55OmKvQXclwrtDaySLGpZmHGB61x/wDCjTfuar5HdF5RWV6mj+a/Iqy2rxyIhYEuccVpW9uioAQCB2PNVrdlv7gpEjiVR8qjnOa6i08GatHbiZ1iDEZKu+GFbVcPXxFKPt58rMaWNwmDrT+rw5ttb/5mNIFGAABz2q3HGvGFA9TipY9Fvr6ykuooR5MJIZy+CKi+ztCoG8lumAa5/wCxaj0jV/M6f9ZKK1lSf4DciCYkHBJ7VZmkV7R0YYZuRmqJlht3BkcyTMcBFGSagkk1G5leNLSWAIMsShyBXr1MFRq0Y0qm6Vrng0szr0cROtR2k72exr3F3EZVYyLwAOvNINVXc6IODySe1YSW7xAsvXvIe1Sw20kwzysQ6k8bqjC5XRw8/aK7fmXjs6rYqn7KyUfLqXNduY7tLSSNwxAZTisyOEFuRmnSupmCKMLHwAKswAGvOxLUq8mtjXDRcKEUynewgWkjAdFrm35Qg112ppjTpiP7tci3B/CqgtDOpuVwcMQfpQaVwDzTelUSWtPtGvr6G2UcyOBXbi0tBqE1tDLvlhIDozYxx2rmvCdrJcaqs0ZwYMMPc9KPEllqGn61cXrhwryFklQ8CuCt+8q8l9kRJKSsbPjO2/4k8Mg5aKTsOgNel2F2mq+CrSeWNSr2ilgeQSBivGofFMl3YzWOpr5iumBKB8wPbNeg+EtWQfDaJHZi0ZkhVQM55yP51pSi4RcZFYeEl7r7lax1oW3h2HTYcxm4uW82UrhQuelao09l8X2QtsxxmMtJsbG7FVtEjsrvw1DpV1E4uXkYqCmO+dwPtUhjSC1jEc/mXqQjyGeXymyzYQcj0BNaxi2ehip03J8u93fzO5AMa/M3FNacdFOfpXL6v4pNj4b/ALQQpJO0eAN2VDjg/ka4Xwz451ebxFCl5dNcRTHayMMKPcAUehxnp19fTFhb2yFpH4DY+VazFuHt9TNhaxNc3siBjMRlU7HPpV66kuZkMSOkat92TOCv0FTadHFa2rpbgBicSSucFz9alOy0C2pzfi7dpllHYrIZDcESSue5Hp7VwsuSxzXS+LdRF5rMig/LCAgAOcetc7IQc461slpqc85tPQqN1xRUjL3oo9mifrLMaGMlgaueWR1pohMWQal3jaAe1ZX1O/l0IGBB4poOSadK45AqFWIat42aM9mWFHTFXIVJ47VTjYZFadsBgE1lM3pvUc6YXFZ0sbyyiNFLO5AAHU1qzEBOK2PC2jqXOp3AGFz5akfrRSpucrIutWVODkzY0LQoNB0oSyAG4cAue9VNQvowGYknqau6lqKyKctwOABXJ6xduIWKLgEHnpX0lKn7OJ8xObqzu+plX1wL69SNTwXAFep6fCbPR4oI+CV615DpUbSatDk5+bOK9OfUJFgCgYIGK8rG1pQSaV3fY93LsNGo5Rbsrb+pYYkSEMc44oYgioIZTIgY9e9KJASecAd66cFH91zPd6nDm074j2aWkVZEU0ecgDn1rJvGCPtByT2FXru+yTFCMnpms918r5jyx7mu9I8tBFDxuc4HXFYHiG2zILm34Kckit0B5ed3FVrq2E6NEOhGKJwUlYuEuWVzLsrxNRtNjH94gq5Z3RQmKTqOPrXPjTb3TtQBjBKk9a2biFyolAw2ATWEJt6S3N5wVrx2NUSFWDo2COciug0rWi+I5gNw7+tcda3W9cE8jsavQzGNww7VtozncbG/4k02O9jFxHgMOeKo2cfl6bAnQgZOPerhv1msgoGWPAFUZZvIcx5yASBjoamFJKXMhyqycORjnAwQep5FQEeWTzjB6H/PtUM07SHpj0xSDUMja8TN2yBk10X7mVi9DNiPrx0zU6uG74P6VRj8ucYUSDJ6FcetOmt0hUO8zKvcE/59adokk8gY4UygdsAZJqlczx2g2DLyH+HqRVC51gLmO1GM8F+5qCHzZCX7nnce1J+RpGHcuLbPO4nuenVEPAFXBGQmSRnuaqqwUb5pixHG49PwpftIlbC5wT0qdRtDpFBBA4HrWd5aRKbgjDMcL7VakkMzm3i6/wDLRh0HtU8tkZIgoGFA4HpSlHQadjjtRtpFu3mC5V2xkdqu6ZzgehFXpoMTSRkcuoYD3X/JqYwRpbxzhcMG2kgdf84rkhG0rnVKV42LyRk6bcj0UNj6Ef8A16zTya1rdt6Sp1DQuPbpWWBxn1ryM3jarF90fZcL1L4ecO0vzX/AEUZNOYUoGB9aRq8Y+qIZOh9KqtgmrEp7VCRTM3uAUEA09UA5xTASDgDNSLk8npQCsJM/lxE47VnE5Oau3fMBxWWC2cV3YZe62fL55J+1ivIdcISPMTgiooJJ5nwWIAqfEhwO1XBbQxKCuNx61Naydx5Y51PdvohYUYAE8kdat3EYuNNmWPhwMY9aijzkAVqafbCa5iRsBWYBieMVjRdqsX5o93FRTw1ReT/IbNbi10+NB/AQufXFZV1qE1vCTG20nium8RLbx2MawMGG/rnNcVfSbpsdo+fxr61ytG5+XU1zPU6/SvDEdzokc0ckdzOfnlhL7drH19a29K8NzNp1zZvPFFLcrtk2DcY19K5jwlZvdObma/NlbxD97KX2k/7Irv7DWdMk0+6jslMEcKEiR+C/+1muCs6jVo6o64cid2czpWiR+FfF0LzXSXEQGT8uCvoSK6bVtAOqO+oWGomQuM7N+R9BiuOttX0o3rx3csojKndMq7mdv8KvaVq2laZPM+m3d3ezyDAULhB9T0p1Iyi0025emhMJKS1VkdLp+sWFp4QuLiS0VYrclJI8/wCsI4Ncprct9dvFdWOlvbwXICxqBu2+5x61ThM5Z47i4M4kkaQxDiNSefxratdTvbOAQQXJCL91dobHtzWkcPUjeS3ZDrQdkxL7RZrTWtHsLSZfNLCSSQLhv89as+J9dvbG/uLFPKEBjCO+PnJNNm8Sxx6la3s8MRlgBACfffNY2o3Dajq015IuHlbKRk5CD3pUsPLmXOtl+NwqV1yvlZWhhaZg8wwo5WP+pqe5kMNq8wU7UGFHTNSwxZcb8kZ79WqTXYXg00+YANxHHpXVXly05NdjlpJSqRT7nNxEkbicknJJq1BJgiqAkAPtSrdANx2r5pH0bNDUpS2nyoO4rlJgUGWIAPrW7d3myxmfGSATik0rwx9rjFzfy5ZwGCDkCqdVQV2QqUpysjmjIhOAc/QU+GGWaUIkTkk9SuK7kaLaQcRqgx32U9bSNONw/KsXin0R0Rwi6sz9CU6MGcjzGcg4HAGK0JtSkuWfzLdXRycqxyKesCZ5IqQRwj0rjl70uZ7lvCUXujEbw3a3Nx5wj8hT1RDkVtWNsNPtPsts7xxE7im7gmpDLGi8HpVaa+QD72Krnk9Lm0acILRE8twqxCCWQrFI23dnGxjwGz+h9jW3DJJdW4GwJIT80Eb+csX/ACzUFG5GOTxXn2taxCbOSHdkuMYroPDOuR6hpwnkeFGUhLkuhLGXG2NsjkZB/MV3Ya6jZnDibc90ZfiGR7UNZK8PkEtLFHDkeWDxgg9M4Bx71j6JEIr+wuRwTclSa2/HOr6fMgtLe6Z542YlQAw645frwAK57TL5VNlbuCpjufMLHgYNb21OXWx6vNa6jqGoSI25IUlRgpOMD1BrT1meHSNJkuLtwdh3RRk9X7VYsZprtka0XfGV5kHQVW13wdFrFmI5Lt451Ysrn5hz14rCMTec3JW2PK5LsyMWZssxJPvTRJ3NdvL8ObK3hDveSlkUl3K4X61i+LfCn/CN2FpcJcmfzmKuduAO4xVuWpnyxe5hCQdKKhiVmGaKvmZzeyVy/dWuFJArJlJU4PFdfc2wERPtXK6hGI5CenNTKJ2xkUycmk25FN3jNPByKlNodkwTIYDNakMmEArMAwQato/y9eaTdy46F6JWuJ0iHOSAa6ySZ4LZLeKP5QAOKxvC9mLmaSZuiDArfCMGIZTgdzXs5fSsuZ9TyMwq3koLoZMk7BsPCx96wtduhINicAdQK7K5khjgJO3IBriRC2pXzRKBgtya9CtO0TjoR5pEHh2NpNXjIBIGTXaXc/lvGh5JxTdK0q00/LDBcDrTTaS3l8jAHYp5PrXlwqKddadGe04tYObXdXNOInycAdTTZIZJBtztX2q5hIYhuwMdKpyT7iSxwvpXbhqbhTUWeXjq8a1ZzjsMFqgGFwAOprPu1Bcheg6mrUly0mVjHyjqar4DZz0rrRxEMTCNcHvUvlfKXI61EVJkGBwKuBgwCUMCr5asCGUEjofSoZ4gRjHGKuTFY0yep6VSkmBB+avPxE2qlkephqadK5k3Ns0TeZH19KmtrkOuDwR1BpZJAzEZqpKAj7l4PeqhVT33MqlFrVG5p9wftsEZPyvIoJ9OanlsWkw5kBJ5APSsS3ugCsgOGQhuPapIdWvUaREMRQtlVdCxH0xXTGaT1OR029jYjtiMGTaCPQ5zU8IWMfKgHH3gOa58+KJrTi/0iWHkhWAIB/P/AOvUTeLoJfl8tk6ZB49KtV6b0uT7Cp2OgudTjt0+VDJIfuqDWRJbX2otvnl2KeirzVeDUIZ5AxljU8dT06VoxXMfBe+jPoA2B2qtHsOzj0IodHWPGIXc+p4FFwggwjEPIeBGtX/t8WzbHIjsR1LVSmubGzy9zdxxsc5I+Zz9B2ovbcWrZUMJLb7mQ5HSNRnFSiG6mUpDGLePkbjwTVSXxTpsJItbeSU9CznGagbxbPID5NiAT/FktiodekupqqVR9Dp7DSvKQA4RAcsx43VcuTFHEccDoB3NcSPF+rqoDwowHCho81KfFmqSoCNMBIH3whNR9YpvqL6vUvc0NSjaSQSRKQUOc/Wp7JYbm1kiLgnAJUHkVy93rt9M5EqyR9tu3FS6VqEiXHmxgnAwQeKxdanF3vodEcPUmlGKu/I6+xhAkAOCCcfnWMymFzGwwyHaR6YqX7dPJzu2DqQOKqsxkcsSSScknkmvFzLE067iodD7Xh/L8Rg4zlW05radeu/3kgbNNkYDincIuTVdzuya8o+lbI2OTTcE0HrTgKCBUXnJpxPYUZxQgycmgY2SPfGQOtRR2RJzirka7sircUXyivTwrXIfIZ2m8R8iitoAv3earSZDbT2961rsiGAt3PArFEjOxJ5JrHEyTdkduT0nGDm+pZhyGBAzV4zSwxkgcEVTtjnHFWpJAQFxgDnmuam7TT7HpZhUUMNJd9CC7mZ4UOfl6kdqyYtPuLyXckZ2kkszcKPqTWzPpF9c28YtACGUkMWxjmrlro979nhS7R7hV+7EXwg927mvrFJTSPzbWncr6baW0aF9rXUUXLSO22FT7etLeXd5q37uHENonHA2qf8AGthtNebb9rkDIn3YY12ov4VG1q4wQqg54BOQn+JrZIx5ru5jx6TDGoe4Y47A9W/CtNVWOABttvAB0zgmgxTplo40Lk4Msh3H8BURsSzl5Wd2J5ZhmndLYNXuKL6MqVsoGlA7gbV/OmSG8lGJZxED/BHgH8zTnsVfgzzYx0D4H6VEdHsXI3xlj6liaV32BRRJFBHES3mxx56sW3OfxqWK6t4pAYyJBn5iTyagXSNPB/491zyMk5q3FpViwBFsgIPOOKbkwaXcmkv7dpUIxGo98ijxTqsE+n29tFIsjE7mYdsVYh0iwLg/ZUxjnPOK5PULZrO9mhkQrhjtB7jtXnY+q407JbnXg6MZVLt7FZ3AUjoarGQhs5qU5c4HSopIwMCvETsey43JUlyNpwQeCD3rqdPmVraIrwNuCOwxXJIMHitbT7sRoYnOATkH0rKquZGtJ8rNyZHwSDnNU3Dg5z9KpNf3EbkLlh6Dmm/briRxEIXMh6KF5Nc/LY3lVit2W2uShwTioWvgOhNUL24mt5PLuIXRzztIqvfW2rw2ouWs3igPV2GMZ9quMbtHPLEw6MvzaiegPJ4x3ouNJ1WTSpr9x9nhRCy7/vH8K2/DVppLWSXdv+/mxhmk5Kn0x2qbxZNKPDc4GQDhT+Jqea01FLqcFTGSk+VaHllwSz7iSc9zVvSr6azaYQuQJE2uoPDCgwgx7QMk1UAa3mG4Yx+teoM9X+G8mganAbZdPgGoRgtK0w3GQZ6jNdjJ4b8PamY7u4t4rjyWOxkXaAQeRx1rwbR7vUItZtzpO4XjSbYtvGSeMV7N4bl1LTLRbTUT5k6ZXYi7iM88/rUt21GkdWkyxIEhjWGJRgKBjA+lZ+o6r9i+zMI2mE06xuRz5YP8RrLkt9Rm1wagpeJRD5PlzH5TznOKlW6to9YeymjLSpCJFlK4Q5OCB9OKzbbGakk0lwjwrCkyyAqTu4I96wfGdrHP4TNsXzJBtdB6Y4x+VX7ktdXVhMtwsKxykp82BKdpBGO/eo9T0w6hBLMzg7ImG0HuM/8A1qS0Gkne7sebW9o23GO1FdBb2gCA46iiuqxy87EuCDGSD2rktXABNbk16BGRntXN6pP5mcd6mR0xMrzMORUiydPSoCPmp6gisrFosBqnibPFVM5GantQZJ0QdWOK0hC7BuyPRfDEMdjo/wBomwN/zc1T1PXjPIY7cAKON1TSkmyitt21QO3FZ0lrbRrhWyfSvoqNNRijwKk+ebbM/UGuxCX8wnPbNFjMlvGGQYZhkmp7srGgGcjGMGsxGd3AA4JxissTHm0N6EranYaDY3OszERtiNSAzGuk1KG30tEt48GQjn1qtpUtt4e0uMB8yvgsO5NRTXkd/cGUnDEYGa5qMbz8kaV6jUGr7lGeaR32qMkcY7U1LGaZwZDhfStGOBV5GCT3p7ssY5OK9G55lypLDHbQFQOT3rGd90u0dM1dvLozSFE6CqhjCnPerQEu0IvHU1FyrhieCacrgkAmklALADpQ3Ydrjr5g4AHQCsm5jIBINaDEM/04qGaLKk14MqvNVbPoIQ5KSijGkkKtzxik85XGDii9jxkjrWcGYPjNa1bON0Zwk+azL4ijLE5Kk+hrb8NwqJLgDl2VRvP8Cfxf0rBhR3IBPFdT4Ws8m8nkfZHFEAzH3P8A9auPD1Z+1Sb0NcRSiqTdi1HZvc3RaYfuFJCxnkE+/wBP55qc6fZuuDaQuCflDICfrzV0FBHtCEZGCT0Uf3fr60wSJuKFSXYZyGxtr2OeMVeR5MYTm7R9fuMiXQdHkdy+nwCNOpC4LN36VSPhbSrhhttQhkzgK5UADv1rdmAI2du+KbK4jVm6EgKPatuSPYz55dGc2/hPTmdSizYX7yrKQCPXnmrEOg6XC4VbKJyASWk+cn881q8xxAY5cZY+g7UkZGwHHLEt/hRyR7D55W3KsMNucKsEQBQZAQCrEaoqqEUKBlcAY+lJDCotzJzuDbcdqWNxGAQOVkzmqRNyWON5nCAZJHQmqtzbl7Wc55jOSD6Hir/Mc0skfWN849jSyRpLJMVYbbiMjHoaTYI5caZaXbwtJuBOUlGcfQj9KmS0/wCKeuLcxgvDl1IGPmT/ABXNRyTC2wW4BkAYe1bNiQ00g2KUZckdyfX8a5K0VZp9TsoTlCanF6rX7jmkkV4gFPUdqfHHjk9KpXCjT7ya3LcRuVGepHb9MU19VG3agzXy8oNOx+n08RCUVK+5cldSeTgCoHkDDjpVMNJO3JwDU5AjXGeaVrFc9xwIJp4wKriTpxTjJx6UgTLC8mlJCL1rOkuzDkgioI76S5kKjpVqDephUxdKm7Sepu2jhmOKugkDiqdlGUiBIwTVsnHXoOtbxbgrHzWOqqvW5lsUNVZ22RhsZ6iq8cYVMHrim3MryXeXUgDgE96lDFiFHWsZtt3Z9BgoxjRSQkcm04AwRT5psAkdaa0LJkkc10Xh7RY3gF7c4LyE+UhHAA/iNdNChKckkeLmeMjbyQ+3vhbWMJNrISY1VABkDPUmrEV3IWG6BgAcfKOoqaS+gWf7OhUqpxjrzT3kG4YCj1A7V9JBWVj4uTu7kLSsX4jZVzkjGaZ5gzkocjHap3fKkgDOQPrUZYbmI6Z2itCCs0jHjaep7U1jIVBAP41OSQgY/wB6kmJQJjpyMUwIGhkABIwDyKfHaFifmxt5PtT5TmGM/wCzzT2kxE+3jzMDPrQBELQBgS4IwSQO1SBtkW7g5PShttvb4PMkh/IVAGPA7elAGrbkCeJTyCO/es7xPYi80yRgn7+3BdGHUr3FWrSQPOHOcKSQK0AI7u33IQeqkeuaxqwUouLLhJwkpI8pScDvQ0wY9c1WvEa1vZrcjBjkK/kag84g81884anvKpdGnGwI5qxwF9/WsuKfpk1ZFxlcA1m42ZSkmeg+Cr2zvLM2Dxxfa48kHb8zr6/hVrXfDFxNfLeW0iwzxEMgPf2rzvTLq8tNcsbnTwTcLKFVR/FnqK9vvh50Mcw4bGCB2rya9N0azcX8SuYYn3qd+xybaRBcRm5kjD3KHJB5xVi5aORkhnQPHLGAQRnNW54x5m8HY+ME9j9aq30MBt4JLhiiqWUsDjB7ZrCEnzI86L91o46902fwnqJ1DTszWTnEkZOcexq/4g1S01Xwk89s2QJE3IfvKfeugjhs5o2indZI3XG5eRXAeJ/D50VmntJybWVgDGX5zXo0pxqTSl8S/E2j71mzB8zB5GAelR3DJJCcjOOhpplGfnIx6VFPICox0PavUOom0K7Fhr9jdvIUWKdWZh2Gef0zXt2oeJ2u9Pm/sJ0mmkBWGSNNy7vc14FW7o3ifWNJs/sVnPst2k3kbc4J681Elcdz2W5v5ILGCXVnS3MjJHgNuO9uO1W1a2ClLWIvJjG/G41yEdzYlFOoy3V8ww20rhM1GfFl9aXN15McS20m3yY+hjwOenrWdmO51ksMNxND/aE8Ub27+aijgr2qGTxDaW17cW8camMKCrA5LMc5/pXnup+JtQuwY5JE2nggJyPxptjdgAZPpVJdxO9jqww25HSistb4Yxniitro5+RnLy3pKkZrOmm3mopZscZqKNy7YokjoTJlQsc4p/lH0qzbQlgOKsm2OM4q40rkOpqZbKRWhoMPm6khPITmq9xEVzWj4fxF5sx4PSuijS99GdWp+7Zq3+oMbjy+gHGabbESTgscg+tNu447qASIfmHXFFmQYCCcMv517q2PJ6EWpQmO4J3ZU9qLCAy3KKq5ORVW5uXmuCGbIBxXR+GYASbgjOOBXHUd5HVD3YanQizjIV5vmYDjPaq01spJKDB9RxVl5C7YqKRjnavU96pWOdvUpSi9hwYX3D0NZl1qd4suJ0YL2IrekOMIBknvVS5jR/lZQfUGr1JSRkC7QncGxn1qXzTKMAinyabC+cAqfasu8tri1b91IfbNaKfkLkT2L5Qpzu5p6SFULnnArDh1iaKTy7lCe24VpPdobZip4IoupIORxYkV2DIc+tTvKCDzXNi5KyE571ajviRgmvBlT9+6PbVT3dSe8AYHvVGOHLZxmrZcSL60RRnNdPsm4GHtEpk1vEFArrtFs99km3IiZvMmY/xEcBR9P5k1yyAiuv0+QxaLAgBy4ztHU5rChR5J8xeJq81OxLM6vMVViecYHQVSgk+0TSXAIEedkYHdV7/ic/pTNQuWsrOaYAGUALGoPAY8D9SKdbRiGyWNeQoCg+uK7HHmqRXbX9F+pzQk4UZSW8tPlu/0HE5OT9aryN5kqAnIqaQ4UgelQIQHyewNdiOMbcuSSfXiiE849F4qKYk4JPXmjzDE6v2pgWoxi0cdy2agOAuM57mnecEUgnjsKg3Ek579KSYF+zkVpXWQjDpjnjNSOsMYBDDj0rLaQIAWYZ7VGXkYcKQPU9aQ7DLu3gZ8YXk9Sas2knkzq5GVxhh6jvWLqBfYctzirOkXZliiidsyKCDnqawqdmaxutUYvjyH7N4iEkbZjuIUkGO/8J/lWDHfCPHyZIrp/G0XmJYTEZKo8ee3ByP5muPKbTXj1oJzdz2sPiatOK5Wa32pvsomXjPYVB/aDHkjNQQTmOIoeVPOKY5DdBiudUkdf9o4j+YsHUXI4FRm+lcY3YqIRikCAHIqlTiZzx2InvIWR3k6kmreluI5gCOp5JqtgYqbTwDeRoxwCQCau2hy80pPVnZQRtKAEGQB1rThsQAC659adYxxwvGiYIxnNXZJByOAO1cE5ts9KEFFGTrGlJeWpEKhZFHBFY+j6Vdmci5TCqeD610wcO+0cVdijB6AV04anz6y2MauInR+B2uYFzZgcAe1XL+d7DTo440OSAMjqBV+4tAxAA6kCq2oSLPfyIq/u0Oxc98CvZoxSkzxsTNyirmRaQzOonIKF8hARz7sa1IYUgYKWJIG4sTyaryEswxIQAMcDFSKdzrnupGK6Ucbdy0oARS3Y7iKYAFQEnnBOPc0hA2cDk8U2QADGOcgVqmRYUgFo4twAHLHNR3EgJcg5AJIpAQXb1Jx9BUMxypC9+KpMRK7brdMD+ADBpLhiWCA4AAAx2qKOQyImD6fhimGQlyR0WlcZNI4Z/XHFID3qJTx/Ong/wCFUFi/aHDAD0JarOjkh5gc4GDis6GXy1J6luK0dIBdbgjjcAAaiWzA868WweR4luwOQ5Dg/UVisOK7Dx3YlbmG+AOHBR/Yj/JrkG5rxa0eWo0epRlzQQ1WIqVZDjg1ERQorBo3TOj8LapbaXrdpd3UZKxybiw5wMYr1/8AtjTbyyaW2uI2VgGABxivHvCOnzaj4jsoY496iUNISuVCjk5r1i50mN2aMQRlRkDAxivHxsYurF9UhVJcsLbpkTXdpIhLzR7fUtWZd6no8CkNqUSjBypbcD+FF74J00W81y/mZRC2wOdvArx4xqGJCZ5+tKhhY1euxxU6fN1PSm8V+HFcNDIizg4JRdqn39K8/wBdujc6rO0ErSW5ctGM9M1U4HG2jIPavSpYeNJ3R1RgkQgkclcn1NBIIqcAE9KeIwRyK6CykCM81PHMiIAS2fQcZqVrEMNwGCOopPs4UAlSQTiiwHR6bfXIsgLiQsT90HnAqxlpjn1rK08NIQhBGB0NdNZ2oKjNSk2KTSRmGxLckUwwtCcAcCul+xjb0qpcWQ2niqcSI1NTG+0svU80UXVuVOAKKjlZtzI5mUEtU1nGS4zT/JzV+wtiXHpXTyO5lzaGhZ2xKg4zV4wALnFTWkICgfrViSMYwOtVzWIUL6nOXsI5IFM0iQLcGJwSrenatO8hG0561FoFsDdy5TIGOfStsPUvNE1oWps0TYxxgvDIMEZK5rntQu2huSI2IGecd609eLWy7o3ZSe1cyN8suWbJJ5Jr0qtRr3UcVGF/eZfVy2Gzye9d54ZjA0ZXPVsmuFVcIB6V3OgMV0uNSeABxWTRc3oaZJQHHJPemhABk8mnEgDJqNpM4xVJnPYSQiPLHqaps5LZ61Jcvk4BqDPHvWghwPJP5Uye3S4iKMOfX0p6gZAP41KyYOByKXMr2L5Xy8yOR1C1e1uMsuVB79RT35hAQYBFb+o2BurcjbhgMg1h2ykoUccoSK58VKUabszfDpSmjLmtyDmoQCrYrVnjABqi6jfXkQrO56UqasWrbkAGtCOMdRWdAwBGK0YmOAK9BVG0YqmkyYrgYroY5Hktoo4/lURqS3TtXPZz3rVgkLWUQHGQF4+uK0p7syxUfdVh9wiSGKNRlQ28A9Tjv/KrZAEYUdMVQj3yajM4UiNERF/mf5/pV4n5c1dF3bl5/loc1ZcqjDyv9+v5WIJTgVWLnBA78VLM455qvz/WupHODHK4PamT/cH0pxptycIKHsMaCxjJ64HFPUEoD04pg4tye54FPHIwOBUjBfLjJOMk9SeaSSUNwOKeAB3FRyRqRkEfnV7C0Zk6jnY3NVtJuibtFkGGUjDdM1PqAKockfzqhZlTNkKQMjBPSuWq9TeC0N3X7YT6BMxGfJIce3+QTXBygHkV6U6+fpF7GRndA4APf5c15qAWAzzx1rzsSvfudlBtwIlwBS5xSlSDSGuc3DfShxTaXANACgg08HBBHBHINR7fSk5FAHa+GL7zYysj5ccDJrfaTIOTgYrz7Qro2+pxZOFcgGu81O4hSMLDyWHJFcc6bc7Lqd1OslTu+hALlVnIU8CtG1uwcc1zDSMHyKu2t0Qea9GlDkVjiqT53dnUpIJJUBPUgViXc3+mGKJg8hJXJ4xmnQ3haRVU/MTgYqta2rx6lc3cjEqDtRT6jjNd9DqefXWxblhxGEAGRyDQqgFCO2aBMHf3PAqTAH4V0NHKOJG2oJHwfpzTpJAF61SlmOTzTTGPEmMnueKaT8pI5J4FQq2etPzwM9qq4CRuIwR0wOKiZ8bU79TSlszbex5qGQksWPc1LY7E6vzgde1SkgjAPJ4FU1kEaFzkk8AdzUsbAfvJDtGMAU0waLYbAHoOBWvpknlwYHc5JrAxJIMhjGvbAyTWjaO0UW0sTuPU03d6E7CeK7dL7SLgKQf3ZlHsyf5NeYZzXq90Ijb3IJGFt5Bj14rycZwPpXm4xWkjtwr0aDGeKkhhkllSONSzOdoA7k0iDJrovBlsLjxZpyFcgTbyD7c1585cqbO2x7NoOg2Xh/RLW2VFEgjBkYAAs/fJqzJJAMjjnkmmXRLpuTJJPOaqkmJN0qqfQV89GXMuZ7sxxDfNYo+J7uG28NahMjYIhYDn14rwrCnpXrfj2d/+EQuiIxGshVBnqcmvIUyOvY162CXuNk0VuKVGaNg60/jGe9MJxwK7jcAADmpAeMjqDUWaPMC9aAL8Jyp9+KcCgUoR1ORVKOc7WA4HUUjTHtye1MRpQSNG4bG0joc8V1+i3Md3BuUgMvDr6GvP1JkOXZmwM4BxWlpF9PY3gmXIQ4DL2IpomUbo9EyAKgmUEGiOZZo1kQ5VgCDUcjnvTMDKu4RuziinXkoAx3ooHc5uKEEA1qWMYDY71mwyDgVfglAwQea6JzsjWELmxHhV4pxmwpyelUhdYHNVprsjnPFccp3OlQsOvJsg810PhbS4hpzXM7bWkOQCcYrloc3t2kS8gnmtzXdTOn2KwR8YGBik6kqduXcuMIzvzbCa/aQXDeWkuccnvXINbCK6KBsgGtHRZ1n85pDljzzWdckC+ODwTW8MVOU7SMZ4enGF4osA8V2HhqZXsSpblSRiuNU1s6BMyylB0JyRXrt3R5cloda0ueM8CoJpuAEpF3OQi8k96fMqRqFHXvTRgQk5OaaMk57ChjgYpyjirbsrgk5OyJYlyc9qsqgLhQOlQRcKT0qzbfdLnt0rCCu3NnTXlyxVJdCUxhoX46VzV9CsMpKjr1rozMFhYdzWNqMe6Ev3FTiabnSZGGnyVEYU7DBrPlIGcVanbGR3qjIc5rwI7nssfFIQRWjDLwKyoRlqvxDOBXs4dKSOCrNx2LnmZGa2tKZHtbYkZKSMCPXHP9awgOK3fDxBY7hlYxI3PH8IrrlBRV0cjqSmrMni3jeXGMtkDGMDtUxPyEn0qJZC4Bz15NOZsxnH4UoRUVZETk5y5mU5Hy2D0oxwPoajY5Yn0qUjH5DFbIkbwcVFeEblUd6mUAsB+NV5jvu1HYGhggmcRoAeigniqQM0wy7lFP8ACOCatvGbqfylJUH+MdBjpn61FJbTQ5DISB3HSpsNWQ6O2tgAdhB69Sc1IUjAyMj2J4pbYCQAE4HUk1ZkCxoRGmTjqearQRgaiCEJBBB7CsyxdTPwCDnGQeDWhrMhCYZgD2HesrT2zOSRx2PeuWq/eOiHwnaxEjSrth1FtIQR/uGvNR8qgg5Fes6fHYTaWqF5TNJCyPGEABJzySfbHrXkIDBRnsMVw4h3aZ0UFa6JSwIqMkUzJozmuY6R2acCKaBmpAKAG5pCRTsUYoAlsVLXceOuciu78hnRSeTiuK0xSb6IDuRXpEUIMKnHYVtSXUmTMd7T25qIwmMEjrW68AIqpNb8dK2aJMmG7NteQyNkqjgmtG5upFhWGCMt0y3rWVexYBI461txQ7WQHJCj8K1w99UY4tK0WPsraQKHk4JFOknQyeVGckfePaoLu+kLCGHgk4yKEQWtuzM2Wxk103OKxDcTAEjNU/M3NimzSYiJJyeppLNTIpkPQnA96SZVtLkwbnFDSYWmlCJQM/WkuSFGO9UIAx4bueKZMwA5IA9TT3wsSjueTVcAXL56oOOOSaBjwcsNo3EflVmNCG3P87eg7URR4UBVwB61aCtjggZ7nmtFElsiHnKRJtQKDk7zjNWBM85BjXaP7x/pTBCmQ0gMjDpu5A/Cr9jbNcOSBkDqfSnsS9RhtB/Z13KxOfIfBPfivLh0Fez3MQFlPgYAhcY9eK8YHSvNxm6OzC9RyEA11/w6kiXxfbeYQMo4XPrj/wDXXGmrWm382n6lb3ULYeKQMK82pHmi0dx9FzEBTt61VEeW3vye2e1OaUFE5GXQGqsk0gO08V83Sd4mOJVpnHfFS+8vS7S0XpJMWOPYV5aHyTjoK7z4ouTNp6k54c/yrgjgcDsOa97CK1JBS+EeGyKQnNQliOlJvPauo1JScVExyc0pkyOaYTQA9GwD7ilBJIHTPemLk8U8AE5oAtQuAMKuR6mrSSfL7mqSNnA7VaSIuuVb5hzigR13h25MmlgOclHK5q5PMAp55rC0ibyLIKTgliSKtTXJKE5/GqvZGTg2ypqFyRkZ70Vm30haip5kX7NkAkKmrlvKSRVBgM8VYtmww5recbocJWNIEkVHODsp0bDjmiZgUxWUIFzqaF3wuIPOmMhAl/hBrK8STSfbTG5O0dM1Aly1pcLNGcFTnHrVjVb2HVbUSKm11GDms6kLTua0ql4cpR0qRluwqHh+DU98E+2HaOnWqWnsYLkSN90cVZuJEkmLr0PNEFadxTl7liRDxXQ+GLV5Z2kCkjoMVzasMda9I8GxpDoImKAlsnNepCrzM86orRuWfs4tk3H7xrOkZnlJNXru4Mjknp6Cqbkbsjiu2PmcTI8HPNOBwcUAgHJpwOWFZVG5S5eh1UVCEHUb16EwPyADqat7fLtwPWoLePzJQOwqS+mAIUdhir8kcrd9WQlixPoOKiuYw1uwI7Gnx5yo65Oalmj8xSvQEYq2vdaEn71zibnh2HoSKpMOeO9XtSU2926H14qgZBmvmmrSaPfTTVySNcEVbjOOKqLIBgg1Mkw9a9XDOyOCurl0NxWxo0wFndc4Kqx9jkVzomHTNaemSg2d4AcnAIH4Gu5tNHFy2NW2Ym3jJ6lc1YPEJx2FVbXPlRj0TpVqTiB/YUiTPfIX681KjeYoYdCtROOMUWTZjK55QlcVb3AsKMNn0FVAc3DsegBq10Qn2qmh+R2PQmhiRyMet39td3GHO4ycq3OMela1trutEg/Z1cEZwwwDXPXIYahJICSJGL7vrWrp8k8kCBSCqHbjGCK4qc23udk4JLY6jTLq4uIzI2kRAA4wtxyPwNSaheWtsmJUkhcjO0EEiqlpO9tZfZ7fMlxMdzMOfLH+NVbqyhALzCRierO3Wunmdjn5Vcyr2+tSxaOB5GJ4eZsgfgKrWLiS6QbTuJznPFP1NY0ISNQoFJpSfvxgcnjNczu5WOhWUbneaIAZol6gkCvKb1HgvLiIHiOV1H4HFesaKuJ4T2zxXlV42+8uG67pWP61jilZIrDbsprJg4NWEZDVWRSGzSxglgAcZriOwugDtS9sVCI3AyDkVICQOaADAHJoBycdqaSTSjikBo6Ou7UoQBxmvSUIEYA9BXnGikLfxsT0rthfAAc100diJF9jUE2Cv0qq16PWo5LsFetbMko34zkDrWveFoWEcfVlB/OsC+uQQcGt+5DFoXYYBhQ49eKuhuzDE7IrwweW3mMckDNQXsuNOd88ucZ9aknkwCoJJ2k8VX1EEWUMZ6hMmt2cqMlrgMpI6cc1rWsbR28CuMEpuI+tZ1taBniRuhOSK3LgATHAxtAFEEypWK5AMpPtVWTMl0FHQHJq1wEJ6ZqC3TO+U9ya0IRm61etb4VGALDB9QKZaTXNzAAsot4wBgIMsfqayNYuTc6o+05VDjFauiPDJcLbzMRv4U4yBXNzuU2jpceWFzV067WPMcnmTc8NityF4JEJWNgAMknip7axsrVAQN5xycYqtc3ZnJijTZH7DGa64ppWOVtNkMjqegwPSrWlXbQ3QRWG2Tgg9Kq+QSoLIcevSntZRwxiSTKMTkAE5FW9hGvqcxTTpyBg+S5I/CvIhF8o+len6vI5s5Arbg9sTn14rzfjGa8rGaOJ3YRaSKrrioScH0q1Jiq7gGuI7Gey+CdcfW/D4M65ktz5Zceo6VvxzQ3SlSQGHBFeefDXU4Y7W506WQRtI4dCeM9jXdzaUWxPBJ83UMp4NfNVI+yxMqa2eqHWjz01LscF8VYxHcacM5Gx/wCleeF8scdK7v4nNObmwE64KxsM+tcDXu4X+EjGl8IGiiiuk0CkNKaaaAHLzT89hTAD0FSDA+tAEkRx1q9b5JwvU96zwRnircDkEEcUAaCymEbSeR3qyshlUAHNUJnBw2MHoantpABWU7m1O3UdPbg8mipmkBxRWd2bWRiGQmnxzYxzVb5qMHtXZzHBY1UuQB1okucjrWaCw70ZahSsDRLNJnNVtzAnBwD1FPIJpNhpN3BaDjKSoGMetOVsUzYaXaRUlXJxIe1eo6SPsug28A67cGvNdGsje6nDEeVB3N+Feqw24VFXsAK7sJC7bOTEzskiEQ7sEjiq1yU8zAHTjird3OI12jrWZuJYk9TXonCKTk4FPTJNMFT28ZdwB603sBftEEcRkbsKz5pPMkJ96vXkghtxGDyazMgfU0oLqwdizGQqg96uxqskeSeaykLFsE4q2iTEYVxirewjlPF0Zhug4Xg8EiubM/PWu+1jTJLu0cOMkDIOK87mgaKZ0PVSRXjYmlyz5u56dCpeFicXGO9O+089cVT2PRtf1rOM+U0krl0XXvWx4fl803gLYAjHB46n/wDXXM7HzXT+FLVzY3lxjkyIik98Ak/zFdFKq5SSMakUotnSWOCpIOQMKD64qe5YLbntk4FR2owhOc1HeMS0cS9SCx9v8813nD1Im5UH1qGxOLq6TPRwcfhUsgwoHoKqaa266uW9ZAP0qm9UC2ZoTHERNZmpzC10mSTdgkYHuTxWjcfcAzyTXO+K5CLW3gU8s24j6f8A66itLlg2VSjzSSMW0mQ3CK65BOADxn2/HkVaUS2l0bcMSqtkkcZHY/iMVk7H6/rWvLIbmyt7sMBKv7mQe4GQfxH8q82jPWx3VF1Om0xzHpoeJQZJSSC3GPrUMyksXZvNkA++3QfQU/TATokRJz+7NOmUbcbc98dB+Nej0OLqc5fQ7mDkkAknJ6mrmj2+ZgeRgdafNECWk2h26bj0HsBV/TITwoHLEVMYaluXunQ6YuxFYcEnC15LL80rnrlia9hhjAu7eAdiM149IpSeRP7rlfyNc2M+ya4XdjJY8oCKgXhsVdZCUGPSqTAhyD1rgO0txsSADSsB61FGwK0pz1NAC9OlKBTAeafngUAW7GXypg3TFaw1M4+9WAASOKMSepq4zsS0bx1LjhqadSBGC1YeJPU0uH9TVe0FY0ZLvzHAJ6kCu41SGQ3EQUkhYkGB0AxXm8aOZUBP8Qr0HULxxqZCLhVAUH1xXRh3e9zmxC2IBG0aO7ghjwAaL1QWQN91UGRVyK4ju0McqAMOjVUvsFxu4AHJrtSOS5UsSsmoZI+4dxFW5GJjZz1c5rO0YeYL26/hd9ifhV65OIlA7HpRHVXHLewyU4CoOpBqO5kFtZOc4CLTgQZS56KOBWV4gnK2iQL96Q5P0FKpPli2VCN5JGZZ2NtczuJbjyiRkMecmuh0vRZrN/tEdpLPKn+rZvlj57+9cftbpkiuo8MapqpR0F8BFDgbHXd+VcuHnFuzR01otK6ZvLHexrvmk3yHqAMAVahuHC4aFQw6ErmkHiKCFQLoxs5/uLxVhdVt7pMwxo+R9K9BaHDqNjGEN1cEkDhVPepbS+hmJju41O44DY5FVbhnlXLjAUYAHQVDEyrIu44UHk+lW0mhG5daZHJbYhIIUEAdePSvH5G2SOmfukivW47VoUkliuHwQWx1B78V4+6uXYnqSTXlYvWx24bRsGOeaYRS+W1HltXEdlxYLma1uopoGIaM7vrXvmirHNotveQlg00QcqTwCa8HgtpJchF6dSegr3TQrmBvD+n/AGdwUWBACO+BXjZraPJPzNqS5k4nDfFSbzIdP3Jhgz815uQB06V6F8V5gbqyhHVQzfnWbefDjUraG2Zbu2drlQyRs2xiTziu/C/wkc9OLtY46it658FeILZyj6czEdQjBsVUHhzWi+z+zLkn02V1XRpYyzSDrWnf6BqOmWUd5dwCKOR9gBb5sj2rNUE5Pp0oEPBGKU47c0gIH8P4UfKe2KAHAgHmp4WGRjk/WqwUHkk4q0iBHiEmQjdQKALsYa7QxIB5gPA65qv5jwsUcFSOxrXCtbNaXNuojXGCw7kGma5G8sO5kUtG/Eg4yrcipeo02iiLs7cZoqlhhxRS5R87LJRfSlCL6UUVRkKEXHSk2jNFFAC7F9KAi+lFFAChRRtHpRRQBv8AhKFGvXYjkACu5DMsZINFFephfhOHEfEZE8rtIxJ6UiHIoorsRgPHWr9goLZ9KKKHsIrXrs1wwJ6VTLEsKKKpbIEWYfmxkVehGMYoopsguOoeFg3PBFeX6vGq6lMAOhoorzsZsjrw25SCg0bR+VFFeadwBRXV+GTjRJjj7szY/IUUV04b+IYV/gNO2J+xI3cnB/OiU5uJyeqIoH44/wAaKK9RbnCyOY4Un2rO0k5mc+rsf5UUU3uh9GaM5ziub8Q/Nexg9BHkf5/CiiufF/wjXD/GZWxcZxUqoDY3B/ubWH13Y/kTRRXmU/jR2y2Z1mkoo0e0XHBjJPvTJcycMeCTwKKK9nojznuVbpR5qR9F9K1tIRftAGPugkUUVUeoS2NnTCXumZuobIryO/AGqXQHAFxIP/HjRRXFjeh0YXdkqKCgrNuQBMQKKK847UJGeKmPK0UUDGDrTx1xRRTAnhAzU+0YoopEsNoxRtAoooES26KbqIEcF1H611tyM6kw9zRRXZhtmc1foTR/K5x6Vm6vO5inOcFVwMUUV3dDlW47RVCaXbqvRvmP1NSXzHaPwNFFOHwIqXxDE5jX3OTWLrfzagQeiqMUUVz4r+Ga0fjM/aPStXw0Xi1hDHIyh/lZR0Ye9FFcmH/iI3q/AzvPsFrdR75IVyRngVnT2sUEg8sFSO4oor2onmAjM6PuOcCpbSBJZtr9AaKKfQZs3v7nS7ny+NkDFfyryAKCoNFFeVjN0dmG6htFG0UUVwnWQXk8kcIiRiqvy2O9dB4H1m+Sf7B5xNuBuVT/AA/SiiuXGpOhK5rS+I2fHECXE2iNJyzzFGPqMitrxdf3FtrBeFgpsrcNCMcKTxn8qKKwwTvhonXQS9qzXWCOz8OS38a7rqa33ySvyzEiszTI1Gk6fKpcS3DrHJJvbJB696KK7AvpL1/zOb+KgW3OnWkKhIRvfaB1PrXnqnBoorVbHF1JD60uBRRTAcozC+frVl3L20TnqowKKKANe0Yy6PcB+fKZXX2PQ1ZIEunR7+d0bqfwPFFFIGYZUZooooIP/9k=\" data-filename=\"6d08a26c92cf30db69197a1fb7230626.jpg\" style=\"width: 647px;\"></p><p>kjdfh dsfhksd dsfkhdsf</p><p>dsfjhdgf&nbsp;</p><p>dsjgfdhf dugfhsd dsafhds</p>', '2022-01-11 14:13:20', '2022-01-11 14:14:08', 1, 'nyuma-yumukino-wambere-wa-shampiona-umva-ibyo-avuze', 'f4d5b97cb969b4741b84b56f1ba498e6.jpg', 5);

-- --------------------------------------------------------

--
-- Table structure for table `tblsubcategory`
--

CREATE TABLE `tblsubcategory` (
  `SubCategoryId` int(11) NOT NULL,
  `CategoryId` int(11) DEFAULT NULL,
  `Subcategory` varchar(255) DEFAULT NULL,
  `SubCatDescription` mediumtext DEFAULT NULL,
  `PostingDate` timestamp NOT NULL DEFAULT current_timestamp(),
  `UpdationDate` timestamp NULL DEFAULT NULL,
  `Is_Active` int(1) DEFAULT NULL
) ENGINE=InnoDB DEFAULT CHARSET=latin1;

--
-- Dumping data for table `tblsubcategory`
--

INSERT INTO `tblsubcategory` (`SubCategoryId`, `CategoryId`, `Subcategory`, `SubCatDescription`, `PostingDate`, `UpdationDate`, `Is_Active`) VALUES
(3, 5, 'Bollywood ', 'Bollywood masala', '2018-06-22 15:45:38', '0000-00-00 00:00:00', 1),
(4, 3, 'Cricket', 'Cricket\r\n\r\n', '2018-06-30 09:00:43', '0000-00-00 00:00:00', 1),
(5, 3, 'Football', 'Football', '2018-06-30 09:00:58', '0000-00-00 00:00:00', 1),
(6, 5, 'Television', 'TeleVision', '2018-06-30 18:59:22', '0000-00-00 00:00:00', 1),
(7, 6, 'National', 'National', '2018-06-30 19:04:29', '0000-00-00 00:00:00', 1),
(8, 6, 'International', 'International', '2018-06-30 19:04:43', '0000-00-00 00:00:00', 1),
(9, 7, 'India', 'India', '2018-06-30 19:08:42', '0000-00-00 00:00:00', 0);

--
-- Indexes for dumped tables
--

--
-- Indexes for table `tbladmin`
--
ALTER TABLE `tbladmin`
  ADD PRIMARY KEY (`id`);

--
-- Indexes for table `tblcategory`
--
ALTER TABLE `tblcategory`
  ADD PRIMARY KEY (`id`);

--
-- Indexes for table `tblcomments`
--
ALTER TABLE `tblcomments`
  ADD PRIMARY KEY (`id`);

--
-- Indexes for table `tblposts`
--
ALTER TABLE `tblposts`
  ADD PRIMARY KEY (`id`);

--
-- Indexes for table `tblsubcategory`
--
ALTER TABLE `tblsubcategory`
  ADD PRIMARY KEY (`SubCategoryId`);

--
-- AUTO_INCREMENT for dumped tables
--

--
-- AUTO_INCREMENT for table `tbladmin`
--
ALTER TABLE `tbladmin`
  MODIFY `id` int(11) NOT NULL AUTO_INCREMENT, AUTO_INCREMENT=6;

--
-- AUTO_INCREMENT for table `tblcategory`
--
ALTER TABLE `tblcategory`
  MODIFY `id` int(11) NOT NULL AUTO_INCREMENT, AUTO_INCREMENT=8;

--
-- AUTO_INCREMENT for table `tblcomments`
--
ALTER TABLE `tblcomments`
  MODIFY `id` int(11) NOT NULL AUTO_INCREMENT, AUTO_INCREMENT=5;

--
-- AUTO_INCREMENT for table `tblposts`
--
ALTER TABLE `tblposts`
  MODIFY `id` int(11) NOT NULL AUTO_INCREMENT, AUTO_INCREMENT=15;

--
-- AUTO_INCREMENT for table `tblsubcategory`
--
ALTER TABLE `tblsubcategory`
  MODIFY `SubCategoryId` int(11) NOT NULL AUTO_INCREMENT, AUTO_INCREMENT=10;
COMMIT;

/*!40101 SET CHARACTER_SET_CLIENT=@OLD_CHARACTER_SET_CLIENT */;
/*!40101 SET CHARACTER_SET_RESULTS=@OLD_CHARACTER_SET_RESULTS */;
/*!40101 SET COLLATION_CONNECTION=@OLD_COLLATION_CONNECTION */;
